{"\u54b8\u9633\u5e02":{"PM2.5":28.75,"PM10":51.97,"SO2":33.71,"NO2":21.8,"CO":1.86,"O3":33.41,"U":-2.95,"V":0.67,"TEMP":263.94,"RH":34.53,"PSFC":93177.43,"AQI":51.97,"center":[108.948024,34.263161]},"\u5546\u6d1b\u5e02":{"PM2.5":22.64,"PM10":31.96,"SO2":20.05,"NO2":12.51,"CO":0.72,"O3":44.47,"U":-1.54,"V":-2.1,"TEMP":263.1,"RH":33.61,"PSFC":90878.36,"AQI":44.47,"center":[108.979608,34.916582]},"\u5b89\u5eb7\u5e02":{"PM2.5":39.11,"PM10":48.54,"SO2":21.97,"NO2":12.36,"CO":0.63,"O3":39.27,"U":-4.71,"V":-1.09,"TEMP":266.07,"RH":47.79,"PSFC":91350.63,"AQI":48.54,"center":[107.14487,34.369315]},"\u5b9d\u9e21\u5e02":{"PM2.5":34.76,"PM10":50.37,"SO2":33.04,"NO2":16.48,"CO":1.03,"O3":36.44,"U":-2.92,"V":1.38,"TEMP":262.37,"RH":52.53,"PSFC":87523.1,"AQI":36.44,"center":[108.705117,34.333439]},"\u5ef6\u5b89\u5e02":{"PM2.5":18.68,"PM10":22.36,"SO2":13.96,"NO2":9.13,"CO":0.33,"O3":44.39,"U":-0.99,"V":-1.69,"TEMP":257.51,"RH":43.34,"PSFC":88911.0,"AQI":44.39,"center":[109.502882,34.499381]},"\u6986\u6797\u5e02":{"PM2.5":23.11,"PM10":28.47,"SO2":21.89,"NO2":16.53,"CO":0.41,"O3":38.95,"U":-1.13,"V":-1.19,"TEMP":254.7,"RH":54.44,"PSFC":89300.77,"AQI":38.95,"center":[109.49081,36.596537]},"\u6c49\u4e2d\u5e02":{"PM2.5":39.69,"PM10":46.45,"SO2":22.06,"NO2":10.04,"CO":0.51,"O3":40.03,"U":-4.8,"V":0.08,"TEMP":266.41,"RH":50.77,"PSFC":90288.33,"AQI":46.45,"center":[107.028621,33.077668]},"\u6e2d\u5357\u5e02":{"PM2.5":25.75,"PM10":36.98,"SO2":32.88,"NO2":18.49,"CO":0.84,"O3":40.21,"U":-1.73,"V":-1.9,"TEMP":263.88,"RH":30.17,"PSFC":95800.49,"AQI":40.21,"center":[109.741193,38.290162]},"\u897f\u5b89\u5e02":{"PM2.5":28.61,"PM10":50.33,"SO2":30.33,"NO2":20.91,"CO":1.5,"O3":40.88,"U":-2.56,"V":-1.36,"TEMP":263.74,"RH":36.69,"PSFC":92042.12,"AQI":40.88,"center":[109.029273,32.6903]},"\u94dc\u5ddd\u5e02":{"PM2.5":16.92,"PM10":24.91,"SO2":19.79,"NO2":11.58,"CO":0.77,"O3":42.43,"U":-0.47,"V":-2.71,"TEMP":261.04,"RH":33.8,"PSFC":90661.61,"AQI":42.43,"center":[109.939776,33.868319]}}