{"\u54b8\u9633\u5e02":{"PM2.5":83.67,"PM10":115.09,"SO2":65.84,"NO2":29.82,"CO":1.88,"O3":27.32,"U":-3.52,"V":-0.13,"TEMP":265.55,"RH":36.23,"PSFC":92303.96,"AQI":115.09,"center":[108.948024,34.263161]},"\u5546\u6d1b\u5e02":{"PM2.5":77.73,"PM10":97.81,"SO2":32.75,"NO2":18.22,"CO":0.97,"O3":33.92,"U":-1.21,"V":1.58,"TEMP":264.42,"RH":49.58,"PSFC":90129.84,"AQI":97.81,"center":[108.979608,34.916582]},"\u5b89\u5eb7\u5e02":{"PM2.5":75.89,"PM10":91.55,"SO2":32.34,"NO2":14.7,"CO":0.77,"O3":35.42,"U":-3.68,"V":-0.01,"TEMP":266.58,"RH":54.87,"PSFC":90610.18,"AQI":91.55,"center":[107.14487,34.369315]},"\u5b9d\u9e21\u5e02":{"PM2.5":66.6,"PM10":84.52,"SO2":43.08,"NO2":19.53,"CO":1.07,"O3":37.08,"U":-2.28,"V":2.63,"TEMP":263.8,"RH":57.34,"PSFC":86761.98,"AQI":84.52,"center":[108.705117,34.333439]},"\u5ef6\u5b89\u5e02":{"PM2.5":45.44,"PM10":53.72,"SO2":33.85,"NO2":13.4,"CO":0.57,"O3":35.34,"U":-0.09,"V":1.09,"TEMP":260.99,"RH":38.58,"PSFC":88103.71,"AQI":53.72,"center":[109.502882,34.499381]},"\u6986\u6797\u5e02":{"PM2.5":47.21,"PM10":57.31,"SO2":33.12,"NO2":21.04,"CO":0.56,"O3":28.58,"U":-0.78,"V":0.93,"TEMP":258.55,"RH":51.11,"PSFC":88470.39,"AQI":57.31,"center":[109.49081,36.596537]},"\u6c49\u4e2d\u5e02":{"PM2.5":64.88,"PM10":74.78,"SO2":26.48,"NO2":10.03,"CO":0.63,"O3":40.96,"U":-3.67,"V":0.84,"TEMP":266.71,"RH":65.93,"PSFC":89563.39,"AQI":74.78,"center":[107.028621,33.077668]},"\u6e2d\u5357\u5e02":{"PM2.5":89.19,"PM10":120.89,"SO2":87.81,"NO2":36.69,"CO":1.62,"O3":22.57,"U":-2.9,"V":-2.34,"TEMP":266.45,"RH":32.58,"PSFC":94874.91,"AQI":120.89,"center":[109.741193,38.290162]},"\u897f\u5b89\u5e02":{"PM2.5":88.5,"PM10":127.72,"SO2":72.19,"NO2":33.24,"CO":1.89,"O3":28.69,"U":-1.92,"V":-0.21,"TEMP":266.08,"RH":44.79,"PSFC":91181.72,"AQI":127.72,"center":[109.029273,32.6903]},"\u94dc\u5ddd\u5e02":{"PM2.5":75.71,"PM10":100.05,"SO2":74.34,"NO2":25.01,"CO":1.54,"O3":29.11,"U":-1.44,"V":-0.38,"TEMP":263.4,"RH":33.54,"PSFC":89839.5,"AQI":100.05,"center":[109.939776,33.868319]}}