{
    "咸阳市": {
        "PM2.5": 168.8,
        "PM10": 187.6,
        "SO2": 49.61,
        "NO2": 37.93,
        "CO": 1.87,
        "O3": 21.91,
        "U": 0.42,
        "V": -0.59,
        "TEMP": 268.75,
        "RH": 33.34,
        "PSFC": 92115.62,
        "AQI": 187.6,
        "center": [
            108.948024,
            34.263161
        ]
    },
    "商洛市": {
        "PM2.5": 109.03,
        "PM10": 134.58,
        "SO2": 39.64,
        "NO2": 28.46,
        "CO": 1.49,
        "O3": 34.83,
        "U": 0.01,
        "V": -1.06,
        "TEMP": 268.65,
        "RH": 38.46,
        "PSFC": 89881.61,
        "AQI": 134.58,
        "center": [
            108.979608,
            34.916582
        ]
    },
    "安康市": {
        "PM2.5": 99.91,
        "PM10": 115.48,
        "SO2": 31.02,
        "NO2": 12.03,
        "CO": 0.95,
        "O3": 45.82,
        "U": -1.77,
        "V": -0.58,
        "TEMP": 270,
        "RH": 47.25,
        "PSFC": 90398.08,
        "AQI": 115.48,
        "center": [
            107.14487,
            34.369315
        ]
    },
    "宝鸡市": {
        "PM2.5": 111.03,
        "PM10": 121.61,
        "SO2": 38.72,
        "NO2": 21.4,
        "CO": 1.07,
        "O3": 36.66,
        "U": -0.01,
        "V": -0.34,
        "TEMP": 267.16,
        "RH": 47.59,
        "PSFC": 86691.43,
        "AQI": 121.61,
        "center": [
            108.705117,
            34.333439
        ]
    },
    "延安市": {
        "PM2.5": 70.48,
        "PM10": 78.76,
        "SO2": 35.39,
        "NO2": 14.34,
        "CO": 0.61,
        "O3": 29.27,
        "U": 1.09,
        "V": -1.06,
        "TEMP": 264.87,
        "RH": 29.19,
        "PSFC": 87919.69,
        "AQI": 78.76,
        "center": [
            109.502882,
            34.499381
        ]
    },
    "榆林市": {
        "PM2.5": 62.35,
        "PM10": 72.91,
        "SO2": 51.99,
        "NO2": 24.73,
        "CO": 0.71,
        "O3": 22.48,
        "U": 1.63,
        "V": -0.09,
        "TEMP": 262.66,
        "RH": 40.46,
        "PSFC": 88251.49,
        "AQI": 72.91,
        "center": [
            109.49081,
            36.596537
        ]
    },
    "汉中市": {
        "PM2.5": 92.86,
        "PM10": 103.4,
        "SO2": 30.73,
        "NO2": 9.05,
        "CO": 0.81,
        "O3": 46.59,
        "U": -1.93,
        "V": -0.57,
        "TEMP": 270.21,
        "RH": 45.25,
        "PSFC": 89423.56,
        "AQI": 103.4,
        "center": [
            107.028621,
            33.077668
        ]
    },
    "渭南市": {
        "PM2.5": 156.69,
        "PM10": 194.95,
        "SO2": 90.84,
        "NO2": 41.25,
        "CO": 2.12,
        "O3": 18.11,
        "U": 0.73,
        "V": -0.65,
        "TEMP": 269.63,
        "RH": 26.5,
        "PSFC": 94604.29,
        "AQI": 194.95,
        "center": [
            109.741193,
            38.290162
        ]
    },
    "西安市": {
        "PM2.5": 162.65,
        "PM10": 208.61,
        "SO2": 55.89,
        "NO2": 50.01,
        "CO": 2.38,
        "O3": 28.86,
        "U": 0.47,
        "V": -0.48,
        "TEMP": 268.8,
        "RH": 38.83,
        "PSFC": 91017.62,
        "AQI": 208.61,
        "center": [
            109.029273,
            32.6903
        ]
    },
    "铜川市": {
        "PM2.5": 118.58,
        "PM10": 134.37,
        "SO2": 45.27,
        "NO2": 24.46,
        "CO": 1.29,
        "O3": 24.98,
        "U": 1.11,
        "V": -1.62,
        "TEMP": 267.2,
        "RH": 27.38,
        "PSFC": 89645.72,
        "AQI": 134.37,
        "center": [
            109.939776,
            33.868319
        ]
    }
}