{"\u54b8\u9633\u5e02":{"PM2.5":182.36,"PM10":211.09,"SO2":43.24,"NO2":24.67,"CO":2.26,"O3":29.08,"U":1.41,"V":-1.52,"TEMP":271.06,"RH":34.98,"PSFC":91966.2,"AQI":211.09,"center":[108.948024,34.263161]},"\u5546\u6d1b\u5e02":{"PM2.5":124.05,"PM10":158.16,"SO2":39.7,"NO2":30.02,"CO":1.73,"O3":43.27,"U":1.02,"V":-2.96,"TEMP":270.74,"RH":39.78,"PSFC":89716.99,"AQI":158.16,"center":[108.979608,34.916582]},"\u5b89\u5eb7\u5e02":{"PM2.5":112.78,"PM10":135.61,"SO2":33.43,"NO2":12.54,"CO":1.23,"O3":54.39,"U":0.24,"V":-1.22,"TEMP":271.4,"RH":49.45,"PSFC":90259.22,"AQI":135.61,"center":[107.14487,34.369315]},"\u5b9d\u9e21\u5e02":{"PM2.5":62.74,"PM10":73.04,"SO2":20.29,"NO2":16.14,"CO":0.91,"O3":45.47,"U":0.17,"V":-2.39,"TEMP":269.18,"RH":43.33,"PSFC":86601.18,"AQI":73.04,"center":[108.705117,34.333439]},"\u5ef6\u5b89\u5e02":{"PM2.5":32.48,"PM10":35.7,"SO2":19.07,"NO2":10.32,"CO":0.36,"O3":32.75,"U":1.12,"V":-3.22,"TEMP":267.12,"RH":33.69,"PSFC":87832.82,"AQI":35.7,"center":[109.502882,34.499381]},"\u6986\u6797\u5e02":{"PM2.5":30.54,"PM10":33.8,"SO2":27.19,"NO2":14.18,"CO":0.42,"O3":29.43,"U":3.04,"V":-2.04,"TEMP":264.64,"RH":45.37,"PSFC":88179.68,"AQI":33.8,"center":[109.49081,36.596537]},"\u6c49\u4e2d\u5e02":{"PM2.5":84.91,"PM10":98.41,"SO2":25.36,"NO2":9.65,"CO":0.88,"O3":51.71,"U":-0.19,"V":-1.53,"TEMP":271.42,"RH":48.18,"PSFC":89308.92,"AQI":98.41,"center":[107.028621,33.077668]},"\u6e2d\u5357\u5e02":{"PM2.5":182.78,"PM10":223.65,"SO2":69.87,"NO2":47.42,"CO":2.19,"O3":25.26,"U":2.05,"V":-0.29,"TEMP":271.99,"RH":32.5,"PSFC":94419.73,"AQI":223.65,"center":[109.741193,38.290162]},"\u897f\u5b89\u5e02":{"PM2.5":177.27,"PM10":234.43,"SO2":63.04,"NO2":40.88,"CO":2.73,"O3":36.49,"U":2.3,"V":-0.47,"TEMP":270.54,"RH":44.49,"PSFC":90876.77,"AQI":234.43,"center":[109.029273,32.6903]},"\u94dc\u5ddd\u5e02":{"PM2.5":91.63,"PM10":96.94,"SO2":30.96,"NO2":12.82,"CO":0.96,"O3":30.42,"U":1.12,"V":-3.2,"TEMP":269.78,"RH":28.68,"PSFC":89516.01,"AQI":96.94,"center":[109.939776,33.868319]}}