{"\u54b8\u9633\u5e02":{"PM2.5":100.43,"PM10":123.47,"SO2":44.62,"NO2":37.41,"CO":2.32,"O3":29.13,"U":-2.64,"V":0.3,"TEMP":269.75,"RH":38.84,"PSFC":92234.43,"AQI":123.47,"center":[108.948024,34.263161]},"\u5546\u6d1b\u5e02":{"PM2.5":108.3,"PM10":145.42,"SO2":37.83,"NO2":25.64,"CO":1.48,"O3":37.7,"U":-1.0,"V":1.3,"TEMP":269.54,"RH":40.91,"PSFC":90124.06,"AQI":145.42,"center":[108.979608,34.916582]},"\u5b89\u5eb7\u5e02":{"PM2.5":120.73,"PM10":144.28,"SO2":38.36,"NO2":18.2,"CO":1.22,"O3":41.95,"U":-2.08,"V":0.8,"TEMP":271.24,"RH":42.77,"PSFC":90631.0,"AQI":144.28,"center":[107.14487,34.369315]},"\u5b9d\u9e21\u5e02":{"PM2.5":63.65,"PM10":72.23,"SO2":27.37,"NO2":18.87,"CO":1.2,"O3":42.76,"U":-0.71,"V":3.19,"TEMP":268.55,"RH":41.97,"PSFC":86795.98,"AQI":72.23,"center":[108.705117,34.333439]},"\u5ef6\u5b89\u5e02":{"PM2.5":34.16,"PM10":41.61,"SO2":27.9,"NO2":12.92,"CO":0.53,"O3":35.57,"U":0.06,"V":2.23,"TEMP":265.46,"RH":47.23,"PSFC":88064.78,"AQI":41.61,"center":[109.502882,34.499381]},"\u6986\u6797\u5e02":{"PM2.5":32.49,"PM10":38.57,"SO2":26.11,"NO2":13.22,"CO":0.46,"O3":36.46,"U":-0.15,"V":2.16,"TEMP":263.01,"RH":55.13,"PSFC":88389.17,"AQI":38.57,"center":[109.49081,36.596537]},"\u6c49\u4e2d\u5e02":{"PM2.5":71.95,"PM10":81.86,"SO2":27.36,"NO2":9.92,"CO":0.77,"O3":47.33,"U":-1.62,"V":1.5,"TEMP":271.53,"RH":43.31,"PSFC":89628.1,"AQI":81.86,"center":[107.028621,33.077668]},"\u6e2d\u5357\u5e02":{"PM2.5":92.02,"PM10":137.39,"SO2":67.91,"NO2":41.81,"CO":1.81,"O3":26.8,"U":-2.48,"V":-0.82,"TEMP":270.71,"RH":35.86,"PSFC":94777.45,"AQI":137.39,"center":[109.741193,38.290162]},"\u897f\u5b89\u5e02":{"PM2.5":121.82,"PM10":169.0,"SO2":52.49,"NO2":40.25,"CO":2.47,"O3":35.0,"U":-0.76,"V":1.07,"TEMP":270.46,"RH":37.27,"PSFC":91146.54,"AQI":169.0,"center":[109.029273,32.6903]},"\u94dc\u5ddd\u5e02":{"PM2.5":62.41,"PM10":90.32,"SO2":55.72,"NO2":31.86,"CO":1.64,"O3":31.65,"U":-0.95,"V":0.83,"TEMP":267.79,"RH":41.75,"PSFC":89809.11,"AQI":90.32,"center":[109.939776,33.868319]}}