{"\u54b8\u9633\u5e02":{"PM2.5":82.63,"PM10":112.27,"SO2":22.08,"NO2":16.6,"CO":1.28,"O3":43.29,"U":2.09,"V":-3.0,"TEMP":273.81,"RH":28.24,"PSFC":92256.77,"AQI":112.27,"center":[108.948024,34.263161]},"\u5546\u6d1b\u5e02":{"PM2.5":85.6,"PM10":115.25,"SO2":28.96,"NO2":17.55,"CO":1.34,"O3":50.97,"U":2.76,"V":-3.83,"TEMP":273.48,"RH":37.35,"PSFC":90047.32,"AQI":115.25,"center":[108.979608,34.916582]},"\u5b89\u5eb7\u5e02":{"PM2.5":100.73,"PM10":122.76,"SO2":27.75,"NO2":8.27,"CO":1.05,"O3":58.23,"U":0.94,"V":-1.09,"TEMP":274.47,"RH":47.26,"PSFC":90604.84,"AQI":122.76,"center":[107.14487,34.369315]},"\u5b9d\u9e21\u5e02":{"PM2.5":54.07,"PM10":69.42,"SO2":18.8,"NO2":12.51,"CO":0.78,"O3":49.07,"U":0.31,"V":-1.33,"TEMP":271.67,"RH":32.73,"PSFC":86933.94,"AQI":69.42,"center":[108.705117,34.333439]},"\u5ef6\u5b89\u5e02":{"PM2.5":15.14,"PM10":17.33,"SO2":9.65,"NO2":5.83,"CO":0.28,"O3":49.75,"U":3.99,"V":-3.52,"TEMP":269.16,"RH":32.79,"PSFC":88074.74,"AQI":49.75,"center":[109.502882,34.499381]},"\u6986\u6797\u5e02":{"PM2.5":12.82,"PM10":15.12,"SO2":15.18,"NO2":8.46,"CO":0.41,"O3":41.94,"U":5.61,"V":-2.32,"TEMP":266.64,"RH":45.58,"PSFC":88350.05,"AQI":41.94,"center":[109.49081,36.596537]},"\u6c49\u4e2d\u5e02":{"PM2.5":97.43,"PM10":111.84,"SO2":26.43,"NO2":6.48,"CO":0.84,"O3":57.56,"U":0.11,"V":-1.14,"TEMP":274.48,"RH":46.63,"PSFC":89658.98,"AQI":111.84,"center":[107.028621,33.077668]},"\u6e2d\u5357\u5e02":{"PM2.5":106.38,"PM10":142.14,"SO2":54.3,"NO2":32.03,"CO":1.75,"O3":39.29,"U":2.7,"V":-1.14,"TEMP":274.85,"RH":32.07,"PSFC":94675.93,"AQI":142.14,"center":[109.741193,38.290162]},"\u897f\u5b89\u5e02":{"PM2.5":125.44,"PM10":187.61,"SO2":46.88,"NO2":36.15,"CO":2.22,"O3":45.49,"U":3.01,"V":-0.18,"TEMP":273.6,"RH":35.63,"PSFC":91182.23,"AQI":187.61,"center":[109.029273,32.6903]},"\u94dc\u5ddd\u5e02":{"PM2.5":43.19,"PM10":50.51,"SO2":17.0,"NO2":9.63,"CO":0.75,"O3":49.57,"U":3.14,"V":-4.3,"TEMP":272.27,"RH":27.94,"PSFC":89801.18,"AQI":49.57,"center":[109.939776,33.868319]}}