{"\u54b8\u9633\u5e02":{"PM2.5":153.64,"PM10":186.22,"SO2":53.0,"NO2":34.51,"CO":2.51,"O3":31.55,"U":-1.07,"V":-1.65,"TEMP":275.04,"RH":31.09,"PSFC":91594.72,"AQI":186.22,"center":[108.948024,34.263161]},"\u5546\u6d1b\u5e02":{"PM2.5":125.98,"PM10":154.69,"SO2":34.45,"NO2":19.85,"CO":1.86,"O3":49.85,"U":0.01,"V":0.37,"TEMP":275.53,"RH":41.59,"PSFC":89476.09,"AQI":154.69,"center":[108.979608,34.916582]},"\u5b89\u5eb7\u5e02":{"PM2.5":136.76,"PM10":155.71,"SO2":36.59,"NO2":7.46,"CO":1.41,"O3":60.02,"U":0.53,"V":0.27,"TEMP":276.44,"RH":49.52,"PSFC":89985.9,"AQI":155.71,"center":[107.14487,34.369315]},"\u5b9d\u9e21\u5e02":{"PM2.5":121.52,"PM10":142.34,"SO2":34.07,"NO2":16.87,"CO":1.45,"O3":50.71,"U":-0.21,"V":0.59,"TEMP":273.71,"RH":37.82,"PSFC":86313.29,"AQI":142.34,"center":[108.705117,34.333439]},"\u5ef6\u5b89\u5e02":{"PM2.5":43.83,"PM10":49.66,"SO2":25.47,"NO2":10.95,"CO":0.55,"O3":38.05,"U":0.25,"V":-1.76,"TEMP":270.9,"RH":29.35,"PSFC":87566.13,"AQI":49.66,"center":[109.502882,34.499381]},"\u6986\u6797\u5e02":{"PM2.5":41.05,"PM10":49.09,"SO2":36.68,"NO2":19.2,"CO":0.55,"O3":28.29,"U":0.24,"V":-1.05,"TEMP":268.42,"RH":40.4,"PSFC":87916.64,"AQI":49.09,"center":[109.49081,36.596537]},"\u6c49\u4e2d\u5e02":{"PM2.5":168.48,"PM10":186.52,"SO2":45.15,"NO2":5.7,"CO":1.36,"O3":65.2,"U":0.03,"V":0.38,"TEMP":275.68,"RH":53.0,"PSFC":89029.96,"AQI":186.52,"center":[107.028621,33.077668]},"\u6e2d\u5357\u5e02":{"PM2.5":161.91,"PM10":200.9,"SO2":97.46,"NO2":43.65,"CO":2.82,"O3":31.16,"U":-0.23,"V":-1.52,"TEMP":276.54,"RH":31.66,"PSFC":94031.86,"AQI":200.9,"center":[109.741193,38.290162]},"\u897f\u5b89\u5e02":{"PM2.5":185.79,"PM10":242.45,"SO2":65.85,"NO2":48.62,"CO":3.06,"O3":38.81,"U":0.44,"V":0.26,"TEMP":275.79,"RH":36.65,"PSFC":90531.28,"AQI":242.45,"center":[109.029273,32.6903]},"\u94dc\u5ddd\u5e02":{"PM2.5":94.67,"PM10":106.22,"SO2":48.02,"NO2":18.09,"CO":1.66,"O3":36.77,"U":0.34,"V":-2.67,"TEMP":273.74,"RH":28.64,"PSFC":89222.78,"AQI":106.22,"center":[109.939776,33.868319]}}