{
    "咸阳市": {
        "PM2.5": 224.47,
        "PM10": 263.1,
        "SO2": 79.88,
        "NO2": 37,
        "CO": 3.07,
        "O3": 28.44,
        "U": -1.61,
        "V": -2.38,
        "TEMP": 275.03,
        "RH": 30.2,
        "PSFC": 91918.02,
        "AQI": 263.1,
        "center": [
            108.948024,
            34.263161
        ]
    },
    "商洛市": {
        "PM2.5": 219.4,
        "PM10": 272.28,
        "SO2": 37.48,
        "NO2": 33.22,
        "CO": 2.43,
        "O3": 45.7,
        "U": -1.09,
        "V": 1.82,
        "TEMP": 274.38,
        "RH": 48.43,
        "PSFC": 89805.73,
        "AQI": 272.28,
        "center": [
            108.979608,
            34.916582
        ]
    },
    "安康市": {
        "PM2.5": 179.5,
        "PM10": 212.42,
        "SO2": 41.74,
        "NO2": 17.76,
        "CO": 1.63,
        "O3": 47.47,
        "U": -2.92,
        "V": 0.6,
        "TEMP": 275.94,
        "RH": 51.43,
        "PSFC": 90269.04,
        "AQI": 212.42,
        "center": [
            107.14487,
            34.369315
        ]
    },
    "宝鸡市": {
        "PM2.5": 147.3,
        "PM10": 170.83,
        "SO2": 42.17,
        "NO2": 26.65,
        "CO": 1.75,
        "O3": 40.97,
        "U": -1.16,
        "V": 0.9,
        "TEMP": 273.02,
        "RH": 46.21,
        "PSFC": 86617.41,
        "AQI": 170.83,
        "center": [
            108.705117,
            34.333439
        ]
    },
    "延安市": {
        "PM2.5": 66.52,
        "PM10": 75.48,
        "SO2": 38.53,
        "NO2": 12.62,
        "CO": 0.82,
        "O3": 38.91,
        "U": 2.44,
        "V": 0.05,
        "TEMP": 270.43,
        "RH": 32.69,
        "PSFC": 87863.93,
        "AQI": 75.48,
        "center": [
            109.502882,
            34.499381
        ]
    },
    "榆林市": {
        "PM2.5": 46.4,
        "PM10": 55.79,
        "SO2": 34.75,
        "NO2": 16.11,
        "CO": 0.62,
        "O3": 28.06,
        "U": 3.24,
        "V": 1.3,
        "TEMP": 267.74,
        "RH": 39.48,
        "PSFC": 88171.25,
        "AQI": 55.79,
        "center": [
            109.49081,
            36.596537
        ]
    },
    "汉中市": {
        "PM2.5": 125.13,
        "PM10": 141,
        "SO2": 34.26,
        "NO2": 7.37,
        "CO": 1.07,
        "O3": 55.95,
        "U": -2.56,
        "V": 0.65,
        "TEMP": 276.11,
        "RH": 53.22,
        "PSFC": 89290.14,
        "AQI": 141,
        "center": [
            107.028621,
            33.077668
        ]
    },
    "渭南市": {
        "PM2.5": 242.34,
        "PM10": 312.25,
        "SO2": 129.27,
        "NO2": 69.06,
        "CO": 3.63,
        "O3": 28.68,
        "U": -1.95,
        "V": -2.4,
        "TEMP": 276.53,
        "RH": 28.61,
        "PSFC": 94337.91,
        "AQI": 312.25,
        "center": [
            109.741193,
            38.290162
        ]
    },
    "西安市": {
        "PM2.5": 254.93,
        "PM10": 331.09,
        "SO2": 69.1,
        "NO2": 56.47,
        "CO": 3.37,
        "O3": 35.43,
        "U": -0.93,
        "V": 0.95,
        "TEMP": 275.63,
        "RH": 38.06,
        "PSFC": 90820.46,
        "AQI": 331.09,
        "center": [
            109.029273,
            32.6903
        ]
    },
    "铜川市": {
        "PM2.5": 177.56,
        "PM10": 213.16,
        "SO2": 104.96,
        "NO2": 19.18,
        "CO": 2.83,
        "O3": 34.98,
        "U": 0,
        "V": -1.74,
        "TEMP": 273.65,
        "RH": 29.51,
        "PSFC": 89528.14,
        "AQI": 213.16,
        "center": [
            109.939776,
            33.868319
        ]
    }
}