{"\u54b8\u9633\u5e02":{"PM2.5":185.87,"PM10":255.36,"SO2":81.42,"NO2":78.13,"CO":3.99,"O3":32.39,"U":-3.61,"V":-0.27,"TEMP":274.41,"RH":51.54,"PSFC":92236.87,"AQI":255.36,"center":[108.948024,34.263161]},"\u5546\u6d1b\u5e02":{"PM2.5":150.17,"PM10":194.95,"SO2":41.39,"NO2":49.69,"CO":1.88,"O3":40.43,"U":0.08,"V":3.26,"TEMP":271.56,"RH":70.37,"PSFC":90281.53,"AQI":194.95,"center":[108.979608,34.916582]},"\u5b89\u5eb7\u5e02":{"PM2.5":124.14,"PM10":152.68,"SO2":37.48,"NO2":24.17,"CO":1.29,"O3":40.88,"U":-0.79,"V":1.44,"TEMP":273.84,"RH":64.6,"PSFC":90807.29,"AQI":152.68,"center":[107.14487,34.369315]},"\u5b9d\u9e21\u5e02":{"PM2.5":129.85,"PM10":160.09,"SO2":48.36,"NO2":30.33,"CO":1.97,"O3":41.24,"U":0.23,"V":4.8,"TEMP":273.07,"RH":68.04,"PSFC":86896.98,"AQI":160.09,"center":[108.705117,34.333439]},"\u5ef6\u5b89\u5e02":{"PM2.5":112.64,"PM10":133.72,"SO2":52.66,"NO2":25.26,"CO":1.35,"O3":31.93,"U":0.66,"V":3.46,"TEMP":271.0,"RH":56.97,"PSFC":88166.27,"AQI":133.72,"center":[109.502882,34.499381]},"\u6986\u6797\u5e02":{"PM2.5":85.85,"PM10":98.6,"SO2":43.02,"NO2":18.05,"CO":0.77,"O3":28.69,"U":0.42,"V":3.18,"TEMP":268.51,"RH":57.66,"PSFC":88491.47,"AQI":98.6,"center":[109.49081,36.596537]},"\u6c49\u4e2d\u5e02":{"PM2.5":119.94,"PM10":136.72,"SO2":35.99,"NO2":13.24,"CO":1.09,"O3":44.52,"U":-1.03,"V":2.21,"TEMP":274.14,"RH":75.86,"PSFC":89808.65,"AQI":136.72,"center":[107.028621,33.077668]},"\u6e2d\u5357\u5e02":{"PM2.5":202.11,"PM10":282.75,"SO2":96.27,"NO2":80.4,"CO":3.92,"O3":30.06,"U":-2.65,"V":-1.06,"TEMP":275.37,"RH":51.95,"PSFC":94743.79,"AQI":282.75,"center":[109.741193,38.290162]},"\u897f\u5b89\u5e02":{"PM2.5":179.39,"PM10":250.74,"SO2":87.83,"NO2":77.55,"CO":3.02,"O3":37.81,"U":0.14,"V":2.64,"TEMP":275.1,"RH":58.01,"PSFC":91168.59,"AQI":179.39,"center":[109.029273,32.6903]},"\u94dc\u5ddd\u5e02":{"PM2.5":178.02,"PM10":248.27,"SO2":85.22,"NO2":74.63,"CO":3.87,"O3":37.23,"U":-1.8,"V":1.05,"TEMP":272.7,"RH":55.31,"PSFC":89867.57,"AQI":248.27,"center":[109.939776,33.868319]}}