{"\u54b8\u9633\u5e02":{"PM2.5":285.46,"PM10":348.51,"SO2":89.37,"NO2":95.45,"CO":5.08,"O3":27.59,"U":-5.81,"V":-1.31,"TEMP":275.17,"RH":61.14,"PSFC":91472.42,"AQI":348.51,"center":[108.948024,34.263161]},"\u5546\u6d1b\u5e02":{"PM2.5":223.81,"PM10":270.94,"SO2":71.4,"NO2":44.03,"CO":2.6,"O3":43.74,"U":-2.17,"V":2.58,"TEMP":272.9,"RH":74.43,"PSFC":89535.53,"AQI":270.94,"center":[108.979608,34.916582]},"\u5b89\u5eb7\u5e02":{"PM2.5":162.24,"PM10":190.64,"SO2":47.45,"NO2":19.61,"CO":1.65,"O3":45.78,"U":-2.85,"V":1.03,"TEMP":275.32,"RH":66.67,"PSFC":89980.72,"AQI":190.64,"center":[107.14487,34.369315]},"\u5b9d\u9e21\u5e02":{"PM2.5":174.04,"PM10":204.65,"SO2":52.76,"NO2":37.54,"CO":2.65,"O3":43.02,"U":-1.92,"V":3.72,"TEMP":273.56,"RH":71.68,"PSFC":86180.05,"AQI":204.65,"center":[108.705117,34.333439]},"\u5ef6\u5b89\u5e02":{"PM2.5":148.45,"PM10":167.34,"SO2":68.4,"NO2":26.34,"CO":1.75,"O3":32.61,"U":-2.55,"V":3.47,"TEMP":271.34,"RH":69.6,"PSFC":87533.49,"AQI":167.34,"center":[109.502882,34.499381]},"\u6986\u6797\u5e02":{"PM2.5":122.1,"PM10":138.68,"SO2":58.22,"NO2":20.77,"CO":1.0,"O3":28.35,"U":-2.44,"V":2.52,"TEMP":269.49,"RH":70.61,"PSFC":87903.54,"AQI":138.68,"center":[109.49081,36.596537]},"\u6c49\u4e2d\u5e02":{"PM2.5":119.04,"PM10":132.32,"SO2":34.2,"NO2":8.55,"CO":1.09,"O3":56.09,"U":-2.35,"V":2.37,"TEMP":275.96,"RH":65.78,"PSFC":88950.2,"AQI":132.32,"center":[107.028621,33.077668]},"\u6e2d\u5357\u5e02":{"PM2.5":285.49,"PM10":356.51,"SO2":116.78,"NO2":71.78,"CO":4.87,"O3":26.88,"U":-5.29,"V":-1.03,"TEMP":276.52,"RH":57.51,"PSFC":93984.16,"AQI":356.51,"center":[109.741193,38.290162]},"\u897f\u5b89\u5e02":{"PM2.5":270.66,"PM10":341.33,"SO2":100.41,"NO2":77.85,"CO":3.85,"O3":37.41,"U":-1.52,"V":2.68,"TEMP":276.1,"RH":62.07,"PSFC":90402.67,"AQI":341.33,"center":[109.029273,32.6903]},"\u94dc\u5ddd\u5e02":{"PM2.5":269.85,"PM10":333.5,"SO2":106.47,"NO2":83.15,"CO":5.02,"O3":30.87,"U":-5.12,"V":-0.29,"TEMP":272.98,"RH":67.28,"PSFC":89169.64,"AQI":333.5,"center":[109.939776,33.868319]}}