{"\u54b8\u9633\u5e02":{"PM2.5":154.13,"PM10":186.2,"SO2":45.37,"NO2":35.86,"CO":2.39,"O3":37.86,"U":1.29,"V":-3.99,"TEMP":272.37,"RH":58.19,"PSFC":91980.15,"AQI":186.2,"center":[108.948024,34.263161]},"\u5546\u6d1b\u5e02":{"PM2.5":163.72,"PM10":195.24,"SO2":40.34,"NO2":30.04,"CO":2.26,"O3":46.45,"U":-0.78,"V":-2.32,"TEMP":271.53,"RH":78.59,"PSFC":89730.48,"AQI":195.24,"center":[108.979608,34.916582]},"\u5b89\u5eb7\u5e02":{"PM2.5":122.36,"PM10":141.79,"SO2":34.59,"NO2":15.7,"CO":1.28,"O3":41.41,"U":-3.31,"V":-1.43,"TEMP":272.53,"RH":82.22,"PSFC":90207.09,"AQI":141.79,"center":[107.14487,34.369315]},"\u5b9d\u9e21\u5e02":{"PM2.5":72.82,"PM10":86.39,"SO2":25.85,"NO2":17.63,"CO":0.97,"O3":41.46,"U":-0.37,"V":-4.44,"TEMP":269.67,"RH":60.12,"PSFC":86653.17,"AQI":86.39,"center":[108.705117,34.333439]},"\u5ef6\u5b89\u5e02":{"PM2.5":88.13,"PM10":96.97,"SO2":32.74,"NO2":17.02,"CO":0.96,"O3":30.99,"U":2.28,"V":-1.64,"TEMP":268.41,"RH":75.08,"PSFC":87835.18,"AQI":96.97,"center":[109.502882,34.499381]},"\u6986\u6797\u5e02":{"PM2.5":86.08,"PM10":94.19,"SO2":36.66,"NO2":20.51,"CO":0.71,"O3":23.42,"U":3.1,"V":-0.26,"TEMP":267.57,"RH":83.25,"PSFC":88141.27,"AQI":94.19,"center":[109.49081,36.596537]},"\u6c49\u4e2d\u5e02":{"PM2.5":97.79,"PM10":110.27,"SO2":29.08,"NO2":10.48,"CO":0.94,"O3":45.3,"U":-2.83,"V":-2.55,"TEMP":273.16,"RH":68.55,"PSFC":89238.37,"AQI":110.27,"center":[107.028621,33.077668]},"\u6e2d\u5357\u5e02":{"PM2.5":317.74,"PM10":379.18,"SO2":76.17,"NO2":56.56,"CO":4.62,"O3":28.54,"U":-1.08,"V":-0.43,"TEMP":272.79,"RH":77.31,"PSFC":94406.06,"AQI":379.18,"center":[109.741193,38.290162]},"\u897f\u5b89\u5e02":{"PM2.5":190.63,"PM10":254.68,"SO2":61.94,"NO2":46.99,"CO":3.15,"O3":41.52,"U":1.75,"V":-1.48,"TEMP":271.99,"RH":64.81,"PSFC":90874.1,"AQI":254.68,"center":[109.029273,32.6903]},"\u94dc\u5ddd\u5e02":{"PM2.5":185.86,"PM10":219.91,"SO2":48.55,"NO2":34.98,"CO":2.73,"O3":39.92,"U":-0.28,"V":-2.53,"TEMP":270.44,"RH":67.2,"PSFC":89527.2,"AQI":219.91,"center":[109.939776,33.868319]}}