{"\u54b8\u9633\u5e02":{"PM2.5":67.46,"PM10":76.09,"SO2":29.15,"NO2":33.62,"CO":1.87,"O3":39.79,"U":0.64,"V":-1.34,"TEMP":271.94,"RH":62.9,"PSFC":92258.41,"AQI":76.09,"center":[108.948024,34.263161]},"\u5546\u6d1b\u5e02":{"PM2.5":95.22,"PM10":110.16,"SO2":29.47,"NO2":22.03,"CO":1.02,"O3":46.67,"U":-0.03,"V":0.52,"TEMP":272.12,"RH":65.11,"PSFC":90083.21,"AQI":110.16,"center":[108.979608,34.916582]},"\u5b89\u5eb7\u5e02":{"PM2.5":88.03,"PM10":100.15,"SO2":28.26,"NO2":12.06,"CO":0.78,"O3":50.79,"U":-1.38,"V":-0.43,"TEMP":273.58,"RH":66.01,"PSFC":90601.31,"AQI":100.15,"center":[107.14487,34.369315]},"\u5b9d\u9e21\u5e02":{"PM2.5":33.29,"PM10":39.36,"SO2":17.48,"NO2":12.83,"CO":0.69,"O3":49.17,"U":0.69,"V":-0.64,"TEMP":270.82,"RH":62.21,"PSFC":86902.92,"AQI":49.17,"center":[108.705117,34.333439]},"\u5ef6\u5b89\u5e02":{"PM2.5":34.87,"PM10":39.21,"SO2":20.01,"NO2":10.97,"CO":0.43,"O3":43.04,"U":1.96,"V":-0.51,"TEMP":268.2,"RH":58.78,"PSFC":88066.53,"AQI":43.04,"center":[109.502882,34.499381]},"\u6986\u6797\u5e02":{"PM2.5":50.55,"PM10":55.48,"SO2":33.71,"NO2":20.79,"CO":0.49,"O3":31.31,"U":2.06,"V":0.37,"TEMP":266.11,"RH":68.26,"PSFC":88364.02,"AQI":55.48,"center":[109.49081,36.596537]},"\u6c49\u4e2d\u5e02":{"PM2.5":45.71,"PM10":52.51,"SO2":18.25,"NO2":7.06,"CO":0.53,"O3":55.36,"U":-0.92,"V":-0.62,"TEMP":273.77,"RH":55.89,"PSFC":89647.72,"AQI":55.36,"center":[107.028621,33.077668]},"\u6e2d\u5357\u5e02":{"PM2.5":100.56,"PM10":114.53,"SO2":50.31,"NO2":45.69,"CO":1.92,"O3":32.78,"U":0.55,"V":-0.28,"TEMP":272.7,"RH":61.06,"PSFC":94717.09,"AQI":114.53,"center":[109.741193,38.290162]},"\u897f\u5b89\u5e02":{"PM2.5":73.83,"PM10":103.15,"SO2":40.35,"NO2":43.1,"CO":1.74,"O3":47.95,"U":0.67,"V":0.03,"TEMP":272.39,"RH":59.2,"PSFC":91177.52,"AQI":103.15,"center":[109.029273,32.6903]},"\u94dc\u5ddd\u5e02":{"PM2.5":46.58,"PM10":50.68,"SO2":20.54,"NO2":22.97,"CO":1.08,"O3":43.75,"U":1.56,"V":-1.53,"TEMP":270.36,"RH":67.56,"PSFC":89801.81,"AQI":46.58,"center":[109.939776,33.868319]}}