{"\u54b8\u9633\u5e02":{"PM2.5":85.5,"PM10":104.63,"SO2":22.65,"NO2":29.1,"CO":1.75,"O3":45.27,"U":3.65,"V":-3.16,"TEMP":275.31,"RH":42.97,"PSFC":91812.47,"AQI":104.63,"center":[108.948024,34.263161]},"\u5546\u6d1b\u5e02":{"PM2.5":59.92,"PM10":75.22,"SO2":18.19,"NO2":21.33,"CO":1.04,"O3":52.19,"U":4.85,"V":-1.24,"TEMP":276.16,"RH":45.77,"PSFC":89630.26,"AQI":75.22,"center":[108.979608,34.916582]},"\u5b89\u5eb7\u5e02":{"PM2.5":57.0,"PM10":67.4,"SO2":16.76,"NO2":6.87,"CO":0.63,"O3":59.89,"U":4.2,"V":-1.0,"TEMP":277.29,"RH":49.65,"PSFC":90229.64,"AQI":67.4,"center":[107.14487,34.369315]},"\u5b9d\u9e21\u5e02":{"PM2.5":34.8,"PM10":42.77,"SO2":12.02,"NO2":10.96,"CO":0.64,"O3":54.48,"U":3.7,"V":-1.93,"TEMP":274.29,"RH":36.9,"PSFC":86598.03,"AQI":54.48,"center":[108.705117,34.333439]},"\u5ef6\u5b89\u5e02":{"PM2.5":24.29,"PM10":26.7,"SO2":10.27,"NO2":8.09,"CO":0.36,"O3":51.35,"U":4.82,"V":-2.42,"TEMP":270.49,"RH":52.8,"PSFC":87670.81,"AQI":51.35,"center":[109.502882,34.499381]},"\u6986\u6797\u5e02":{"PM2.5":27.18,"PM10":30.8,"SO2":17.37,"NO2":11.28,"CO":0.37,"O3":43.38,"U":5.13,"V":-1.97,"TEMP":267.9,"RH":59.72,"PSFC":87972.19,"AQI":43.38,"center":[109.49081,36.596537]},"\u6c49\u4e2d\u5e02":{"PM2.5":41.48,"PM10":48.16,"SO2":13.16,"NO2":5.45,"CO":0.48,"O3":61.84,"U":1.99,"V":-1.23,"TEMP":276.63,"RH":46.8,"PSFC":89328.53,"AQI":61.84,"center":[107.028621,33.077668]},"\u6e2d\u5357\u5e02":{"PM2.5":131.7,"PM10":146.23,"SO2":53.94,"NO2":52.93,"CO":2.36,"O3":37.88,"U":2.33,"V":-1.0,"TEMP":275.24,"RH":53.84,"PSFC":94191.93,"AQI":146.23,"center":[109.741193,38.290162]},"\u897f\u5b89\u5e02":{"PM2.5":102.52,"PM10":137.48,"SO2":39.0,"NO2":45.1,"CO":2.03,"O3":42.87,"U":3.82,"V":-0.8,"TEMP":276.13,"RH":42.79,"PSFC":90756.92,"AQI":137.48,"center":[109.029273,32.6903]},"\u94dc\u5ddd\u5e02":{"PM2.5":61.68,"PM10":66.18,"SO2":13.58,"NO2":19.67,"CO":1.19,"O3":50.24,"U":5.01,"V":-3.79,"TEMP":274.19,"RH":43.06,"PSFC":89357.47,"AQI":66.18,"center":[109.939776,33.868319]}}