{"\u54b8\u9633\u5e02":{"PM2.5":50.05,"PM10":59.8,"SO2":16.67,"NO2":21.93,"CO":1.71,"O3":43.93,"U":3.33,"V":-3.14,"TEMP":275.73,"RH":26.41,"PSFC":91979.58,"AQI":59.8,"center":[108.948024,34.263161]},"\u5546\u6d1b\u5e02":{"PM2.5":18.1,"PM10":32.91,"SO2":13.59,"NO2":14.33,"CO":0.74,"O3":56.32,"U":3.14,"V":-1.87,"TEMP":276.1,"RH":23.96,"PSFC":89789.07,"AQI":56.32,"center":[108.979608,34.916582]},"\u5b89\u5eb7\u5e02":{"PM2.5":25.96,"PM10":34.64,"SO2":13.09,"NO2":7.27,"CO":0.51,"O3":61.87,"U":2.06,"V":-0.74,"TEMP":277.21,"RH":31.61,"PSFC":90351.98,"AQI":61.87,"center":[107.14487,34.369315]},"\u5b9d\u9e21\u5e02":{"PM2.5":24.57,"PM10":30.05,"SO2":12.98,"NO2":11.47,"CO":0.65,"O3":54.39,"U":1.53,"V":-1.74,"TEMP":274.77,"RH":23.58,"PSFC":86739.27,"AQI":54.39,"center":[108.705117,34.333439]},"\u5ef6\u5b89\u5e02":{"PM2.5":13.95,"PM10":16.23,"SO2":9.05,"NO2":7.03,"CO":0.3,"O3":48.85,"U":5.35,"V":-3.52,"TEMP":271.8,"RH":29.2,"PSFC":87814.84,"AQI":48.85,"center":[109.502882,34.499381]},"\u6986\u6797\u5e02":{"PM2.5":14.23,"PM10":17.17,"SO2":18.77,"NO2":10.78,"CO":0.27,"O3":44.76,"U":6.01,"V":-2.66,"TEMP":268.98,"RH":40.19,"PSFC":88086.94,"AQI":44.76,"center":[109.49081,36.596537]},"\u6c49\u4e2d\u5e02":{"PM2.5":29.63,"PM10":36.42,"SO2":13.98,"NO2":7.34,"CO":0.47,"O3":59.95,"U":0.6,"V":-1.35,"TEMP":276.94,"RH":27.09,"PSFC":89431.25,"AQI":59.95,"center":[107.028621,33.077668]},"\u6e2d\u5357\u5e02":{"PM2.5":46.94,"PM10":72.84,"SO2":36.53,"NO2":32.76,"CO":1.75,"O3":41.24,"U":3.36,"V":-0.33,"TEMP":276.86,"RH":25.07,"PSFC":94347.66,"AQI":72.84,"center":[109.741193,38.290162]},"\u897f\u5b89\u5e02":{"PM2.5":40.64,"PM10":70.32,"SO2":27.1,"NO2":31.61,"CO":1.68,"O3":48.0,"U":3.46,"V":-0.32,"TEMP":276.28,"RH":23.38,"PSFC":90915.29,"AQI":70.32,"center":[109.029273,32.6903]},"\u94dc\u5ddd\u5e02":{"PM2.5":31.02,"PM10":33.72,"SO2":11.13,"NO2":12.74,"CO":1.04,"O3":48.2,"U":4.3,"V":-4.2,"TEMP":274.82,"RH":23.46,"PSFC":89530.84,"AQI":48.2,"center":[109.939776,33.868319]}}