{"\u54b8\u9633\u5e02":{"PM2.5":76.84,"PM10":103.87,"SO2":33.81,"NO2":44.51,"CO":2.22,"O3":40.29,"U":-0.63,"V":-1.24,"TEMP":276.96,"RH":27.76,"PSFC":92218.04,"AQI":103.87,"center":[108.948024,34.263161]},"\u5546\u6d1b\u5e02":{"PM2.5":75.77,"PM10":92.89,"SO2":26.98,"NO2":25.32,"CO":1.13,"O3":43.44,"U":0.0,"V":1.19,"TEMP":276.39,"RH":31.81,"PSFC":90134.89,"AQI":92.89,"center":[108.979608,34.916582]},"\u5b89\u5eb7\u5e02":{"PM2.5":70.5,"PM10":83.93,"SO2":24.95,"NO2":13.97,"CO":0.79,"O3":50.12,"U":-1.44,"V":0.39,"TEMP":277.95,"RH":31.92,"PSFC":90648.22,"AQI":83.93,"center":[107.14487,34.369315]},"\u5b9d\u9e21\u5e02":{"PM2.5":49.21,"PM10":64.31,"SO2":23.48,"NO2":20.41,"CO":0.98,"O3":51.89,"U":-0.24,"V":1.43,"TEMP":276.08,"RH":25.8,"PSFC":86932.5,"AQI":64.31,"center":[108.705117,34.333439]},"\u5ef6\u5b89\u5e02":{"PM2.5":22.52,"PM10":26.66,"SO2":16.85,"NO2":9.52,"CO":0.39,"O3":42.96,"U":2.02,"V":0.53,"TEMP":272.94,"RH":34.67,"PSFC":88125.34,"AQI":42.96,"center":[109.502882,34.499381]},"\u6986\u6797\u5e02":{"PM2.5":28.73,"PM10":34.24,"SO2":28.63,"NO2":14.34,"CO":0.38,"O3":36.43,"U":2.45,"V":1.42,"TEMP":270.44,"RH":45.78,"PSFC":88410.77,"AQI":36.43,"center":[109.49081,36.596537]},"\u6c49\u4e2d\u5e02":{"PM2.5":43.56,"PM10":51.62,"SO2":17.87,"NO2":7.74,"CO":0.53,"O3":59.81,"U":-1.66,"V":0.74,"TEMP":278.61,"RH":25.47,"PSFC":89667.33,"AQI":59.81,"center":[107.028621,33.077668]},"\u6e2d\u5357\u5e02":{"PM2.5":67.88,"PM10":91.64,"SO2":52.23,"NO2":47.23,"CO":2.03,"O3":35.01,"U":-0.17,"V":-0.34,"TEMP":277.59,"RH":29.2,"PSFC":94667.78,"AQI":91.64,"center":[109.741193,38.290162]},"\u897f\u5b89\u5e02":{"PM2.5":84.75,"PM10":126.89,"SO2":49.8,"NO2":56.22,"CO":2.12,"O3":45.77,"U":0.45,"V":0.7,"TEMP":277.54,"RH":25.02,"PSFC":91156.34,"AQI":126.89,"center":[109.029273,32.6903]},"\u94dc\u5ddd\u5e02":{"PM2.5":40.75,"PM10":52.6,"SO2":21.8,"NO2":30.92,"CO":1.42,"O3":44.61,"U":1.2,"V":-0.36,"TEMP":275.61,"RH":30.08,"PSFC":89830.38,"AQI":52.6,"center":[109.939776,33.868319]}}