{"\u54b8\u9633\u5e02":{"PM2.5":141.52,"PM10":179.29,"SO2":53.19,"NO2":49.52,"CO":2.83,"O3":38.07,"U":0.26,"V":-1.17,"TEMP":278.25,"RH":37.37,"PSFC":91774.58,"AQI":179.29,"center":[108.948024,34.263161]},"\u5546\u6d1b\u5e02":{"PM2.5":115.26,"PM10":134.81,"SO2":39.04,"NO2":20.76,"CO":1.59,"O3":50.11,"U":1.55,"V":1.47,"TEMP":277.41,"RH":48.17,"PSFC":89713.88,"AQI":134.81,"center":[108.979608,34.916582]},"\u5b89\u5eb7\u5e02":{"PM2.5":106.79,"PM10":121.99,"SO2":35.72,"NO2":11.78,"CO":1.06,"O3":50.78,"U":0.44,"V":1.35,"TEMP":278.0,"RH":56.02,"PSFC":90246.43,"AQI":121.99,"center":[107.14487,34.369315]},"\u5b9d\u9e21\u5e02":{"PM2.5":86.52,"PM10":102.6,"SO2":33.85,"NO2":17.75,"CO":1.21,"O3":54.13,"U":1.19,"V":1.99,"TEMP":276.63,"RH":56.42,"PSFC":86544.34,"AQI":102.6,"center":[108.705117,34.333439]},"\u5ef6\u5b89\u5e02":{"PM2.5":36.18,"PM10":42.85,"SO2":20.13,"NO2":12.02,"CO":0.57,"O3":41.64,"U":1.89,"V":-1.18,"TEMP":274.7,"RH":29.81,"PSFC":87754.63,"AQI":42.85,"center":[109.502882,34.499381]},"\u6986\u6797\u5e02":{"PM2.5":24.6,"PM10":29.82,"SO2":27.62,"NO2":15.77,"CO":0.38,"O3":34.15,"U":2.67,"V":-1.22,"TEMP":271.76,"RH":37.45,"PSFC":88083.9,"AQI":34.15,"center":[109.49081,36.596537]},"\u6c49\u4e2d\u5e02":{"PM2.5":85.94,"PM10":96.48,"SO2":33.27,"NO2":7.37,"CO":0.8,"O3":57.35,"U":-0.82,"V":1.24,"TEMP":278.13,"RH":57.62,"PSFC":89288.12,"AQI":96.48,"center":[107.028621,33.077668]},"\u6e2d\u5357\u5e02":{"PM2.5":123.03,"PM10":160.7,"SO2":76.51,"NO2":49.63,"CO":2.97,"O3":34.05,"U":0.67,"V":-1.01,"TEMP":279.45,"RH":30.96,"PSFC":94179.53,"AQI":160.7,"center":[109.741193,38.290162]},"\u897f\u5b89\u5e02":{"PM2.5":130.17,"PM10":167.68,"SO2":64.93,"NO2":49.65,"CO":2.59,"O3":45.17,"U":1.13,"V":1.3,"TEMP":278.64,"RH":41.02,"PSFC":90717.5,"AQI":167.68,"center":[109.029273,32.6903]},"\u94dc\u5ddd\u5e02":{"PM2.5":109.02,"PM10":136.48,"SO2":41.38,"NO2":42.8,"CO":2.3,"O3":41.1,"U":1.79,"V":-0.57,"TEMP":277.28,"RH":37.7,"PSFC":89408.02,"AQI":136.48,"center":[109.939776,33.868319]}}