{"\u54b8\u9633\u5e02":{"PM2.5":232.06,"PM10":281.93,"SO2":80.28,"NO2":69.93,"CO":3.44,"O3":37.19,"U":-1.8,"V":-0.23,"TEMP":279.0,"RH":46.96,"PSFC":91632.59,"AQI":281.93,"center":[108.948024,34.263161]},"\u5546\u6d1b\u5e02":{"PM2.5":222.73,"PM10":245.86,"SO2":47.9,"NO2":26.92,"CO":2.31,"O3":49.18,"U":-2.08,"V":1.25,"TEMP":276.65,"RH":79.57,"PSFC":89666.34,"AQI":245.86,"center":[108.979608,34.916582]},"\u5b89\u5eb7\u5e02":{"PM2.5":149.75,"PM10":166.38,"SO2":38.45,"NO2":12.62,"CO":1.32,"O3":51.08,"U":-2.39,"V":0.54,"TEMP":279.01,"RH":73.66,"PSFC":90117.33,"AQI":166.38,"center":[107.14487,34.369315]},"\u5b9d\u9e21\u5e02":{"PM2.5":125.27,"PM10":143.36,"SO2":40.82,"NO2":25.38,"CO":1.33,"O3":52.72,"U":-0.06,"V":2.56,"TEMP":277.18,"RH":56.2,"PSFC":86417.15,"AQI":143.36,"center":[108.705117,34.333439]},"\u5ef6\u5b89\u5e02":{"PM2.5":104.29,"PM10":117.68,"SO2":46.68,"NO2":19.49,"CO":1.37,"O3":41.13,"U":0.63,"V":3.46,"TEMP":276.13,"RH":52.86,"PSFC":87620.33,"AQI":117.68,"center":[109.502882,34.499381]},"\u6986\u6797\u5e02":{"PM2.5":53.19,"PM10":60.69,"SO2":31.65,"NO2":13.06,"CO":0.49,"O3":37.44,"U":1.07,"V":4.21,"TEMP":274.96,"RH":49.47,"PSFC":87898.25,"AQI":60.69,"center":[109.49081,36.596537]},"\u6c49\u4e2d\u5e02":{"PM2.5":96.87,"PM10":107.26,"SO2":29.91,"NO2":6.8,"CO":0.87,"O3":60.2,"U":-1.95,"V":0.28,"TEMP":279.22,"RH":61.68,"PSFC":89155.41,"AQI":107.26,"center":[107.028621,33.077668]},"\u6e2d\u5357\u5e02":{"PM2.5":283.24,"PM10":336.15,"SO2":92.34,"NO2":58.92,"CO":4.86,"O3":34.53,"U":-2.31,"V":-0.26,"TEMP":280.48,"RH":52.93,"PSFC":94063.15,"AQI":336.15,"center":[109.741193,38.290162]},"\u897f\u5b89\u5e02":{"PM2.5":245.72,"PM10":288.72,"SO2":80.87,"NO2":56.75,"CO":2.95,"O3":43.84,"U":-0.72,"V":2.62,"TEMP":279.36,"RH":57.16,"PSFC":90584.64,"AQI":288.72,"center":[109.029273,32.6903]},"\u94dc\u5ddd\u5e02":{"PM2.5":227.93,"PM10":277.8,"SO2":82.0,"NO2":64.9,"CO":4.3,"O3":40.98,"U":-1.21,"V":1.7,"TEMP":277.82,"RH":49.96,"PSFC":89302.73,"AQI":277.8,"center":[109.939776,33.868319]}}