{"\u54b8\u9633\u5e02":{"PM2.5":54.86,"PM10":93.1,"SO2":25.37,"NO2":17.98,"CO":1.33,"O3":42.44,"U":0.87,"V":-2.17,"TEMP":272.18,"RH":33.59,"PSFC":91797.44,"AQI":93.1,"center":[108.948024,34.263161]},"\u5546\u6d1b\u5e02":{"PM2.5":25.49,"PM10":43.65,"SO2":14.88,"NO2":12.67,"CO":0.64,"O3":49.73,"U":2.07,"V":-2.67,"TEMP":272.4,"RH":31.69,"PSFC":89606.31,"AQI":49.73,"center":[108.979608,34.916582]},"\u5b89\u5eb7\u5e02":{"PM2.5":41.27,"PM10":55.44,"SO2":16.79,"NO2":7.36,"CO":0.55,"O3":55.96,"U":0.45,"V":-0.15,"TEMP":273.57,"RH":36.43,"PSFC":90140.97,"AQI":55.96,"center":[107.14487,34.369315]},"\u5b9d\u9e21\u5e02":{"PM2.5":36.21,"PM10":55.68,"SO2":16.64,"NO2":12.25,"CO":0.69,"O3":48.19,"U":0.29,"V":-0.58,"TEMP":270.22,"RH":33.64,"PSFC":86433.14,"AQI":55.68,"center":[108.705117,34.333439]},"\u5ef6\u5b89\u5e02":{"PM2.5":9.16,"PM10":11.09,"SO2":9.48,"NO2":5.46,"CO":0.23,"O3":48.2,"U":2.34,"V":-4.27,"TEMP":264.77,"RH":48.05,"PSFC":87678.96,"AQI":48.2,"center":[109.502882,34.499381]},"\u6986\u6797\u5e02":{"PM2.5":10.42,"PM10":13.11,"SO2":13.18,"NO2":8.95,"CO":0.34,"O3":43.05,"U":2.14,"V":-4.56,"TEMP":259.9,"RH":54.32,"PSFC":88067.08,"AQI":43.05,"center":[109.49081,36.596537]},"\u6c49\u4e2d\u5e02":{"PM2.5":45.54,"PM10":54.94,"SO2":19.11,"NO2":7.25,"CO":0.51,"O3":55.77,"U":-0.02,"V":-0.03,"TEMP":273.02,"RH":34.56,"PSFC":89155.57,"AQI":55.77,"center":[107.028621,33.077668]},"\u6e2d\u5357\u5e02":{"PM2.5":29.82,"PM10":53.01,"SO2":32.51,"NO2":20.33,"CO":0.93,"O3":40.5,"U":0.85,"V":-2.54,"TEMP":272.38,"RH":34.13,"PSFC":94294.94,"AQI":53.01,"center":[109.741193,38.290162]},"\u897f\u5b89\u5e02":{"PM2.5":62.83,"PM10":119.52,"SO2":35.74,"NO2":27.51,"CO":1.59,"O3":38.76,"U":0.8,"V":-0.63,"TEMP":272.37,"RH":30.91,"PSFC":90725.67,"AQI":119.52,"center":[109.029273,32.6903]},"\u94dc\u5ddd\u5e02":{"PM2.5":20.35,"PM10":33.5,"SO2":14.77,"NO2":8.78,"CO":0.6,"O3":50.15,"U":2.46,"V":-3.42,"TEMP":269.64,"RH":39.85,"PSFC":89365.84,"AQI":50.15,"center":[109.939776,33.868319]}}