{"\u54b8\u9633\u5e02":{"PM2.5":39.36,"PM10":80.58,"SO2":40.09,"NO2":21.97,"CO":1.49,"O3":31.71,"U":-4.66,"V":-0.76,"TEMP":267.21,"RH":43.4,"PSFC":92759.8,"AQI":80.58,"center":[108.948024,34.263161]},"\u5546\u6d1b\u5e02":{"PM2.5":57.37,"PM10":88.02,"SO2":34.14,"NO2":23.84,"CO":1.24,"O3":28.1,"U":-3.92,"V":-1.77,"TEMP":266.71,"RH":57.93,"PSFC":90433.56,"AQI":88.02,"center":[108.979608,34.916582]},"\u5b89\u5eb7\u5e02":{"PM2.5":57.03,"PM10":78.25,"SO2":29.61,"NO2":17.58,"CO":0.83,"O3":33.52,"U":-7.73,"V":-1.47,"TEMP":268.47,"RH":58.8,"PSFC":90815.32,"AQI":78.25,"center":[107.14487,34.369315]},"\u5b9d\u9e21\u5e02":{"PM2.5":48.98,"PM10":82.18,"SO2":41.81,"NO2":20.15,"CO":1.14,"O3":32.52,"U":-4.28,"V":-0.28,"TEMP":264.93,"RH":56.19,"PSFC":87184.42,"AQI":82.18,"center":[108.705117,34.333439]},"\u5ef6\u5b89\u5e02":{"PM2.5":15.3,"PM10":18.74,"SO2":13.12,"NO2":8.42,"CO":0.3,"O3":41.53,"U":-1.93,"V":-4.42,"TEMP":258.55,"RH":51.27,"PSFC":88677.95,"AQI":41.53,"center":[109.502882,34.499381]},"\u6986\u6797\u5e02":{"PM2.5":17.02,"PM10":21.0,"SO2":16.53,"NO2":13.78,"CO":0.39,"O3":40.55,"U":-0.83,"V":-3.87,"TEMP":254.51,"RH":56.72,"PSFC":89151.87,"AQI":40.55,"center":[109.49081,36.596537]},"\u6c49\u4e2d\u5e02":{"PM2.5":53.08,"PM10":67.0,"SO2":26.89,"NO2":12.96,"CO":0.65,"O3":38.1,"U":-6.96,"V":-1.19,"TEMP":269.89,"RH":53.02,"PSFC":89732.6,"AQI":67.0,"center":[107.028621,33.077668]},"\u6e2d\u5357\u5e02":{"PM2.5":28.7,"PM10":52.19,"SO2":35.12,"NO2":19.05,"CO":1.11,"O3":36.14,"U":-4.67,"V":-4.29,"TEMP":266.88,"RH":39.32,"PSFC":95353.67,"AQI":52.19,"center":[109.741193,38.290162]},"\u897f\u5b89\u5e02":{"PM2.5":55.41,"PM10":116.93,"SO2":50.68,"NO2":28.76,"CO":1.73,"O3":31.4,"U":-3.99,"V":-2.95,"TEMP":266.42,"RH":49.46,"PSFC":91611.75,"AQI":116.93,"center":[109.029273,32.6903]},"\u94dc\u5ddd\u5e02":{"PM2.5":17.84,"PM10":31.86,"SO2":21.14,"NO2":11.37,"CO":0.75,"O3":37.71,"U":-1.54,"V":-5.44,"TEMP":263.67,"RH":46.18,"PSFC":90310.66,"AQI":37.71,"center":[109.939776,33.868319]}}