{"\u54b8\u9633\u5e02":{"PM2.5":142.52,"PM10":175.92,"SO2":63.66,"NO2":32.43,"CO":1.88,"O3":28.44,"U":0.12,"V":-0.39,"TEMP":267.94,"RH":35.8,"PSFC":92117.86,"AQI":175.92,"center":[108.948024,34.263161]},"\u5546\u6d1b\u5e02":{"PM2.5":91.7,"PM10":119.64,"SO2":44.94,"NO2":25.71,"CO":1.22,"O3":37.45,"U":-0.52,"V":-1.35,"TEMP":267.72,"RH":42.09,"PSFC":89850.93,"AQI":119.64,"center":[108.979608,34.916582]},"\u5b89\u5eb7\u5e02":{"PM2.5":87.68,"PM10":105.73,"SO2":31.25,"NO2":12.97,"CO":0.86,"O3":42.88,"U":-1.89,"V":-0.65,"TEMP":268.88,"RH":49.27,"PSFC":90361.98,"AQI":105.73,"center":[107.14487,34.369315]},"\u5b9d\u9e21\u5e02":{"PM2.5":91.38,"PM10":109.16,"SO2":41.06,"NO2":21.75,"CO":1.05,"O3":37.53,"U":-0.66,"V":-0.54,"TEMP":266.27,"RH":48.02,"PSFC":86655.08,"AQI":109.16,"center":[108.705117,34.333439]},"\u5ef6\u5b89\u5e02":{"PM2.5":69.95,"PM10":78.84,"SO2":34.86,"NO2":13.47,"CO":0.64,"O3":31.26,"U":0.46,"V":-2.76,"TEMP":263.02,"RH":40.49,"PSFC":87946.03,"AQI":78.84,"center":[109.502882,34.499381]},"\u6986\u6797\u5e02":{"PM2.5":63.56,"PM10":77.05,"SO2":51.06,"NO2":26.67,"CO":0.69,"O3":20.77,"U":0.45,"V":-2.04,"TEMP":260.13,"RH":48.61,"PSFC":88329.49,"AQI":77.05,"center":[109.49081,36.596537]},"\u6c49\u4e2d\u5e02":{"PM2.5":81.86,"PM10":93.64,"SO2":28.95,"NO2":9.53,"CO":0.73,"O3":46.12,"U":-1.87,"V":-0.46,"TEMP":269.16,"RH":54.32,"PSFC":89379.05,"AQI":93.64,"center":[107.028621,33.077668]},"\u6e2d\u5357\u5e02":{"PM2.5":125.23,"PM10":158.16,"SO2":99.49,"NO2":38.24,"CO":1.81,"O3":25.82,"U":0.36,"V":-1.14,"TEMP":268.74,"RH":30.41,"PSFC":94622.8,"AQI":158.16,"center":[109.741193,38.290162]},"\u897f\u5b89\u5e02":{"PM2.5":132.02,"PM10":186.32,"SO2":83.23,"NO2":47.55,"CO":2.28,"O3":31.27,"U":-0.01,"V":-0.88,"TEMP":267.68,"RH":43.31,"PSFC":91011.58,"AQI":186.32,"center":[109.029273,32.6903]},"\u94dc\u5ddd\u5e02":{"PM2.5":98.75,"PM10":115.26,"SO2":48.17,"NO2":15.24,"CO":1.17,"O3":33.39,"U":0.9,"V":-2.43,"TEMP":266.23,"RH":33.5,"PSFC":89648.58,"AQI":115.26,"center":[109.939776,33.868319]}}