{"\u54b8\u9633\u5e02":{"PM2.5":156.99,"PM10":173.03,"SO2":31.27,"NO2":19.89,"CO":2.05,"O3":31.18,"U":0.8,"V":-2.23,"TEMP":270.37,"RH":34.95,"PSFC":92345.0,"AQI":173.03,"center":[108.948024,34.263161]},"\u5546\u6d1b\u5e02":{"PM2.5":84.51,"PM10":107.05,"SO2":29.35,"NO2":27.75,"CO":1.19,"O3":36.64,"U":0.06,"V":-5.08,"TEMP":270.25,"RH":31.48,"PSFC":90037.83,"AQI":107.05,"center":[108.979608,34.916582]},"\u5b89\u5eb7\u5e02":{"PM2.5":89.78,"PM10":102.99,"SO2":26.6,"NO2":15.38,"CO":0.96,"O3":44.88,"U":-1.57,"V":-2.4,"TEMP":271.52,"RH":39.88,"PSFC":90538.9,"AQI":102.99,"center":[107.14487,34.369315]},"\u5b9d\u9e21\u5e02":{"PM2.5":47.62,"PM10":50.96,"SO2":15.01,"NO2":14.14,"CO":0.71,"O3":36.44,"U":-0.61,"V":-3.65,"TEMP":267.91,"RH":34.36,"PSFC":86937.16,"AQI":47.62,"center":[108.705117,34.333439]},"\u5ef6\u5b89\u5e02":{"PM2.5":20.2,"PM10":22.38,"SO2":16.43,"NO2":9.03,"CO":0.32,"O3":36.22,"U":0.66,"V":-4.08,"TEMP":265.37,"RH":43.82,"PSFC":88203.15,"AQI":36.22,"center":[109.502882,34.499381]},"\u6986\u6797\u5e02":{"PM2.5":17.09,"PM10":20.67,"SO2":20.61,"NO2":11.97,"CO":0.34,"O3":36.43,"U":2.06,"V":-3.69,"TEMP":262.47,"RH":53.15,"PSFC":88575.62,"AQI":36.43,"center":[109.49081,36.596537]},"\u6c49\u4e2d\u5e02":{"PM2.5":62.92,"PM10":69.42,"SO2":19.66,"NO2":10.0,"CO":0.68,"O3":46.13,"U":-1.51,"V":-2.47,"TEMP":271.75,"RH":36.1,"PSFC":89583.52,"AQI":69.42,"center":[107.028621,33.077668]},"\u6e2d\u5357\u5e02":{"PM2.5":130.98,"PM10":166.0,"SO2":55.85,"NO2":45.25,"CO":1.89,"O3":30.22,"U":0.89,"V":-1.68,"TEMP":271.38,"RH":32.46,"PSFC":94806.95,"AQI":166.0,"center":[109.741193,38.290162]},"\u897f\u5b89\u5e02":{"PM2.5":169.32,"PM10":211.76,"SO2":46.99,"NO2":41.58,"CO":2.43,"O3":35.32,"U":2.28,"V":-0.96,"TEMP":269.75,"RH":34.31,"PSFC":91233.96,"AQI":211.76,"center":[109.029273,32.6903]},"\u94dc\u5ddd\u5e02":{"PM2.5":58.2,"PM10":61.31,"SO2":25.95,"NO2":10.32,"CO":0.93,"O3":32.72,"U":0.4,"V":-5.05,"TEMP":268.35,"RH":37.47,"PSFC":89886.06,"AQI":61.31,"center":[109.939776,33.868319]}}