{"\u54b8\u9633\u5e02":{"PM2.5":176.82,"PM10":205.28,"SO2":56.95,"NO2":49.97,"CO":2.47,"O3":28.82,"U":-0.35,"V":-0.15,"TEMP":272.59,"RH":44.54,"PSFC":91969.01,"AQI":205.28,"center":[108.948024,34.263161]},"\u5546\u6d1b\u5e02":{"PM2.5":163.11,"PM10":205.01,"SO2":46.44,"NO2":33.33,"CO":2.04,"O3":36.35,"U":0.15,"V":2.74,"TEMP":271.0,"RH":57.45,"PSFC":89915.22,"AQI":205.01,"center":[108.979608,34.916582]},"\u5b89\u5eb7\u5e02":{"PM2.5":151.96,"PM10":174.6,"SO2":39.61,"NO2":17.07,"CO":1.39,"O3":47.1,"U":-0.34,"V":1.2,"TEMP":272.59,"RH":57.7,"PSFC":90443.39,"AQI":174.6,"center":[107.14487,34.369315]},"\u5b9d\u9e21\u5e02":{"PM2.5":126.92,"PM10":129.23,"SO2":38.16,"NO2":20.16,"CO":1.4,"O3":46.58,"U":1.42,"V":3.01,"TEMP":270.99,"RH":62.95,"PSFC":86621.88,"AQI":129.23,"center":[108.705117,34.333439]},"\u5ef6\u5b89\u5e02":{"PM2.5":76.95,"PM10":91.18,"SO2":39.5,"NO2":16.92,"CO":0.86,"O3":33.81,"U":2.66,"V":1.77,"TEMP":269.31,"RH":41.18,"PSFC":87823.13,"AQI":91.18,"center":[109.502882,34.499381]},"\u6986\u6797\u5e02":{"PM2.5":51.31,"PM10":58.7,"SO2":35.36,"NO2":14.95,"CO":0.61,"O3":30.01,"U":3.19,"V":2.2,"TEMP":266.58,"RH":44.81,"PSFC":88100.95,"AQI":58.7,"center":[109.49081,36.596537]},"\u6c49\u4e2d\u5e02":{"PM2.5":142.33,"PM10":155.39,"SO2":41.91,"NO2":9.21,"CO":1.09,"O3":52.09,"U":0.0,"V":1.63,"TEMP":272.58,"RH":64.27,"PSFC":89466.16,"AQI":155.39,"center":[107.028621,33.077668]},"\u6e2d\u5357\u5e02":{"PM2.5":170.9,"PM10":241.21,"SO2":123.3,"NO2":62.16,"CO":2.65,"O3":20.49,"U":-0.5,"V":-0.25,"TEMP":273.64,"RH":39.21,"PSFC":94444.49,"AQI":241.21,"center":[109.741193,38.290162]},"\u897f\u5b89\u5e02":{"PM2.5":187.35,"PM10":231.34,"SO2":71.14,"NO2":54.44,"CO":2.85,"O3":30.77,"U":0.83,"V":1.73,"TEMP":272.89,"RH":47.35,"PSFC":90894.77,"AQI":231.34,"center":[109.029273,32.6903]},"\u94dc\u5ddd\u5e02":{"PM2.5":138.59,"PM10":183.64,"SO2":67.01,"NO2":40.97,"CO":1.99,"O3":30.48,"U":1.48,"V":0.87,"TEMP":271.34,"RH":47.04,"PSFC":89549.6,"AQI":183.64,"center":[109.939776,33.868319]}}