{"\u54b8\u9633\u5e02":{"PM2.5":102.35,"PM10":154.56,"SO2":42.45,"NO2":42.6,"CO":2.19,"O3":33.72,"U":-1.33,"V":0.49,"TEMP":274.91,"RH":28.35,"PSFC":91747.17,"AQI":154.56,"center":[108.948024,34.263161]},"\u5546\u6d1b\u5e02":{"PM2.5":58.72,"PM10":89.12,"SO2":22.53,"NO2":12.74,"CO":1.09,"O3":54.65,"U":1.13,"V":3.14,"TEMP":273.87,"RH":36.8,"PSFC":89766.79,"AQI":89.12,"center":[108.979608,34.916582]},"\u5b89\u5eb7\u5e02":{"PM2.5":75.59,"PM10":97.6,"SO2":26.04,"NO2":7.21,"CO":0.91,"O3":59.54,"U":0.53,"V":1.86,"TEMP":275.42,"RH":42.32,"PSFC":90300.97,"AQI":97.6,"center":[107.14487,34.369315]},"\u5b9d\u9e21\u5e02":{"PM2.5":78.86,"PM10":105.93,"SO2":26.05,"NO2":15.19,"CO":1.17,"O3":51.66,"U":1.95,"V":4.25,"TEMP":273.16,"RH":41.97,"PSFC":86461.84,"AQI":105.93,"center":[108.705117,34.333439]},"\u5ef6\u5b89\u5e02":{"PM2.5":51.85,"PM10":62.16,"SO2":30.71,"NO2":13.44,"CO":0.72,"O3":43.69,"U":2.8,"V":3.64,"TEMP":271.5,"RH":34.3,"PSFC":87646.69,"AQI":62.16,"center":[109.502882,34.499381]},"\u6986\u6797\u5e02":{"PM2.5":37.54,"PM10":43.5,"SO2":24.02,"NO2":11.79,"CO":0.54,"O3":37.45,"U":2.41,"V":3.4,"TEMP":268.72,"RH":42.82,"PSFC":87930.27,"AQI":43.5,"center":[109.49081,36.596537]},"\u6c49\u4e2d\u5e02":{"PM2.5":108.65,"PM10":125.13,"SO2":31.51,"NO2":6.36,"CO":0.92,"O3":60.46,"U":0.23,"V":2.18,"TEMP":274.68,"RH":50.01,"PSFC":89337.8,"AQI":125.13,"center":[107.028621,33.077668]},"\u6e2d\u5357\u5e02":{"PM2.5":130.44,"PM10":175.57,"SO2":89.48,"NO2":50.76,"CO":2.41,"O3":32.84,"U":-1.03,"V":-0.29,"TEMP":275.89,"RH":28.72,"PSFC":94218.33,"AQI":175.57,"center":[109.741193,38.290162]},"\u897f\u5b89\u5e02":{"PM2.5":100.77,"PM10":162.48,"SO2":54.1,"NO2":38.04,"CO":2.08,"O3":43.21,"U":1.42,"V":3.29,"TEMP":275.48,"RH":32.17,"PSFC":90696.58,"AQI":162.48,"center":[109.029273,32.6903]},"\u94dc\u5ddd\u5e02":{"PM2.5":97.55,"PM10":128.57,"SO2":52.57,"NO2":39.67,"CO":1.87,"O3":38.52,"U":1.0,"V":1.92,"TEMP":273.49,"RH":28.02,"PSFC":89367.71,"AQI":128.57,"center":[109.939776,33.868319]}}