{"\u54b8\u9633\u5e02":{"PM2.5":46.02,"PM10":106.86,"SO2":19.61,"NO2":19.15,"CO":1.29,"O3":44.12,"U":2.2,"V":-3.16,"TEMP":273.33,"RH":33.84,"PSFC":92222.87,"AQI":106.86,"center":[108.948024,34.263161]},"\u5546\u6d1b\u5e02":{"PM2.5":60.95,"PM10":112.12,"SO2":27.04,"NO2":17.2,"CO":1.17,"O3":52.07,"U":2.01,"V":-3.94,"TEMP":273.93,"RH":36.44,"PSFC":89953.64,"AQI":112.12,"center":[108.979608,34.916582]},"\u5b89\u5eb7\u5e02":{"PM2.5":97.44,"PM10":132.99,"SO2":30.02,"NO2":10.01,"CO":1.01,"O3":54.52,"U":0.0,"V":-1.63,"TEMP":275.42,"RH":46.89,"PSFC":90486.9,"AQI":132.99,"center":[107.14487,34.369315]},"\u5b9d\u9e21\u5e02":{"PM2.5":27.53,"PM10":54.59,"SO2":16.85,"NO2":12.85,"CO":0.68,"O3":46.29,"U":-0.44,"V":-1.73,"TEMP":271.44,"RH":34.98,"PSFC":86898.78,"AQI":54.59,"center":[108.705117,34.333439]},"\u5ef6\u5b89\u5e02":{"PM2.5":13.7,"PM10":16.37,"SO2":11.28,"NO2":6.88,"CO":0.28,"O3":41.39,"U":2.84,"V":-3.46,"TEMP":269.25,"RH":40.93,"PSFC":88059.64,"AQI":41.39,"center":[109.502882,34.499381]},"\u6986\u6797\u5e02":{"PM2.5":14.91,"PM10":19.37,"SO2":17.53,"NO2":9.9,"CO":0.4,"O3":35.8,"U":4.4,"V":-2.59,"TEMP":267.34,"RH":50.87,"PSFC":88354.81,"AQI":35.8,"center":[109.49081,36.596537]},"\u6c49\u4e2d\u5e02":{"PM2.5":60.74,"PM10":82.0,"SO2":21.22,"NO2":7.57,"CO":0.69,"O3":55.57,"U":-1.05,"V":-1.92,"TEMP":275.63,"RH":42.0,"PSFC":89542.2,"AQI":82.0,"center":[107.028621,33.077668]},"\u6e2d\u5357\u5e02":{"PM2.5":61.85,"PM10":118.52,"SO2":44.08,"NO2":27.68,"CO":1.53,"O3":41.04,"U":3.17,"V":-1.29,"TEMP":274.64,"RH":32.5,"PSFC":94624.48,"AQI":118.52,"center":[109.741193,38.290162]},"\u897f\u5b89\u5e02":{"PM2.5":52.72,"PM10":159.33,"SO2":39.0,"NO2":28.23,"CO":1.85,"O3":53.89,"U":3.47,"V":-0.9,"TEMP":273.21,"RH":34.05,"PSFC":91138.75,"AQI":159.33,"center":[109.029273,32.6903]},"\u94dc\u5ddd\u5e02":{"PM2.5":24.23,"PM10":36.82,"SO2":14.88,"NO2":11.09,"CO":0.62,"O3":44.57,"U":2.38,"V":-4.64,"TEMP":271.76,"RH":35.33,"PSFC":89762.82,"AQI":44.57,"center":[109.939776,33.868319]}}