{"\u54b8\u9633\u5e02":{"PM2.5":69.97,"PM10":111.77,"SO2":30.0,"NO2":30.74,"CO":1.71,"O3":35.1,"U":-0.05,"V":-2.28,"TEMP":274.43,"RH":32.61,"PSFC":92447.61,"AQI":111.77,"center":[108.948024,34.263161]},"\u5546\u6d1b\u5e02":{"PM2.5":29.96,"PM10":54.36,"SO2":14.55,"NO2":17.52,"CO":0.77,"O3":44.33,"U":-0.19,"V":-3.68,"TEMP":274.32,"RH":27.79,"PSFC":90217.33,"AQI":54.36,"center":[108.979608,34.916582]},"\u5b89\u5eb7\u5e02":{"PM2.5":45.63,"PM10":60.94,"SO2":17.1,"NO2":8.69,"CO":0.66,"O3":53.26,"U":-1.83,"V":-1.14,"TEMP":275.62,"RH":42.26,"PSFC":90710.0,"AQI":60.94,"center":[107.14487,34.369315]},"\u5b9d\u9e21\u5e02":{"PM2.5":41.66,"PM10":56.72,"SO2":20.68,"NO2":14.6,"CO":0.75,"O3":48.02,"U":-1.31,"V":-0.79,"TEMP":272.89,"RH":35.03,"PSFC":87097.85,"AQI":56.72,"center":[108.705117,34.333439]},"\u5ef6\u5b89\u5e02":{"PM2.5":18.1,"PM10":21.84,"SO2":15.97,"NO2":8.98,"CO":0.33,"O3":39.03,"U":1.48,"V":-4.03,"TEMP":269.61,"RH":40.02,"PSFC":88365.06,"AQI":39.03,"center":[109.502882,34.499381]},"\u6986\u6797\u5e02":{"PM2.5":23.42,"PM10":28.61,"SO2":28.11,"NO2":17.05,"CO":0.43,"O3":30.26,"U":1.68,"V":-3.83,"TEMP":266.8,"RH":55.27,"PSFC":88734.43,"AQI":30.26,"center":[109.49081,36.596537]},"\u6c49\u4e2d\u5e02":{"PM2.5":52.33,"PM10":62.7,"SO2":18.85,"NO2":6.91,"CO":0.6,"O3":57.87,"U":-2.04,"V":-0.71,"TEMP":275.68,"RH":41.54,"PSFC":89754.05,"AQI":62.7,"center":[107.028621,33.077668]},"\u6e2d\u5357\u5e02":{"PM2.5":62.57,"PM10":102.98,"SO2":43.15,"NO2":32.62,"CO":1.36,"O3":30.22,"U":0.52,"V":-1.61,"TEMP":274.83,"RH":31.69,"PSFC":94906.13,"AQI":102.98,"center":[109.741193,38.290162]},"\u897f\u5b89\u5e02":{"PM2.5":69.18,"PM10":131.88,"SO2":30.75,"NO2":34.43,"CO":1.73,"O3":43.94,"U":0.43,"V":-0.64,"TEMP":274.16,"RH":31.82,"PSFC":91359.16,"AQI":131.88,"center":[109.029273,32.6903]},"\u94dc\u5ddd\u5e02":{"PM2.5":37.64,"PM10":52.64,"SO2":19.87,"NO2":18.04,"CO":0.9,"O3":37.78,"U":1.24,"V":-3.58,"TEMP":272.99,"RH":32.83,"PSFC":90030.76,"AQI":52.64,"center":[109.939776,33.868319]}}