{"\u54b8\u9633\u5e02":{"PM2.5":93.16,"PM10":137.09,"SO2":63.86,"NO2":48.53,"CO":2.69,"O3":29.68,"U":-4.77,"V":-0.39,"TEMP":272.33,"RH":39.08,"PSFC":92902.74,"AQI":137.09,"center":[108.948024,34.263161]},"\u5546\u6d1b\u5e02":{"PM2.5":99.96,"PM10":145.27,"SO2":40.52,"NO2":44.68,"CO":1.56,"O3":39.56,"U":-2.2,"V":0.34,"TEMP":271.25,"RH":46.96,"PSFC":90767.81,"AQI":145.27,"center":[108.979608,34.916582]},"\u5b89\u5eb7\u5e02":{"PM2.5":113.22,"PM10":146.44,"SO2":38.66,"NO2":25.89,"CO":1.31,"O3":37.8,"U":-4.69,"V":-0.05,"TEMP":273.26,"RH":51.31,"PSFC":91240.6,"AQI":146.44,"center":[107.14487,34.369315]},"\u5b9d\u9e21\u5e02":{"PM2.5":70.97,"PM10":98.51,"SO2":43.63,"NO2":26.26,"CO":1.69,"O3":36.55,"U":-3.04,"V":2.04,"TEMP":270.76,"RH":42.71,"PSFC":87455.57,"AQI":98.51,"center":[108.705117,34.333439]},"\u5ef6\u5b89\u5e02":{"PM2.5":35.17,"PM10":42.49,"SO2":27.55,"NO2":17.46,"CO":0.54,"O3":30.78,"U":-1.27,"V":0.41,"TEMP":267.23,"RH":56.55,"PSFC":88775.8,"AQI":42.49,"center":[109.502882,34.499381]},"\u6986\u6797\u5e02":{"PM2.5":34.74,"PM10":41.29,"SO2":29.41,"NO2":22.31,"CO":0.46,"O3":28.43,"U":-1.17,"V":1.49,"TEMP":265.34,"RH":63.31,"PSFC":89106.89,"AQI":41.29,"center":[109.49081,36.596537]},"\u6c49\u4e2d\u5e02":{"PM2.5":81.86,"PM10":98.77,"SO2":30.67,"NO2":13.6,"CO":0.92,"O3":44.63,"U":-4.2,"V":1.25,"TEMP":274.32,"RH":46.09,"PSFC":90199.68,"AQI":98.77,"center":[107.028621,33.077668]},"\u6e2d\u5357\u5e02":{"PM2.5":101.6,"PM10":157.6,"SO2":69.55,"NO2":53.24,"CO":2.05,"O3":30.68,"U":-3.52,"V":-1.87,"TEMP":273.13,"RH":40.77,"PSFC":95443.27,"AQI":157.6,"center":[109.741193,38.290162]},"\u897f\u5b89\u5e02":{"PM2.5":113.08,"PM10":185.63,"SO2":75.81,"NO2":55.53,"CO":2.71,"O3":36.6,"U":-2.55,"V":-0.34,"TEMP":272.79,"RH":37.26,"PSFC":91803.3,"AQI":185.63,"center":[109.029273,32.6903]},"\u94dc\u5ddd\u5e02":{"PM2.5":57.84,"PM10":83.7,"SO2":45.49,"NO2":35.61,"CO":1.62,"O3":34.78,"U":-2.05,"V":-2.03,"TEMP":269.83,"RH":45.87,"PSFC":90494.54,"AQI":83.7,"center":[109.939776,33.868319]}}