{"\u54b8\u9633\u5e02":{"PM2.5":38.51,"PM10":49.42,"SO2":23.23,"NO2":19.77,"CO":1.88,"O3":43.11,"U":1.88,"V":-2.46,"TEMP":272.38,"RH":47.68,"PSFC":92303.7,"AQI":49.42,"center":[108.948024,34.263161]},"\u5546\u6d1b\u5e02":{"PM2.5":35.03,"PM10":49.25,"SO2":21.36,"NO2":15.04,"CO":0.81,"O3":48.62,"U":1.54,"V":-3.79,"TEMP":271.97,"RH":54.1,"PSFC":90036.38,"AQI":49.25,"center":[108.979608,34.916582]},"\u5b89\u5eb7\u5e02":{"PM2.5":53.92,"PM10":64.13,"SO2":19.99,"NO2":7.85,"CO":0.66,"O3":52.48,"U":-0.7,"V":-1.21,"TEMP":272.94,"RH":61.26,"PSFC":90569.37,"AQI":64.13,"center":[107.14487,34.369315]},"\u5b9d\u9e21\u5e02":{"PM2.5":18.58,"PM10":23.4,"SO2":13.28,"NO2":10.17,"CO":0.6,"O3":48.06,"U":-0.17,"V":-2.6,"TEMP":269.37,"RH":50.61,"PSFC":86941.53,"AQI":48.06,"center":[108.705117,34.333439]},"\u5ef6\u5b89\u5e02":{"PM2.5":23.76,"PM10":26.78,"SO2":15.57,"NO2":9.53,"CO":0.33,"O3":41.58,"U":1.34,"V":-4.56,"TEMP":268.35,"RH":61.28,"PSFC":88143.81,"AQI":41.58,"center":[109.502882,34.499381]},"\u6986\u6797\u5e02":{"PM2.5":37.18,"PM10":40.19,"SO2":24.38,"NO2":18.02,"CO":0.43,"O3":32.52,"U":1.78,"V":-4.08,"TEMP":266.91,"RH":65.06,"PSFC":88498.12,"AQI":40.19,"center":[109.49081,36.596537]},"\u6c49\u4e2d\u5e02":{"PM2.5":39.02,"PM10":45.29,"SO2":15.19,"NO2":6.34,"CO":0.5,"O3":52.69,"U":-1.49,"V":-1.94,"TEMP":273.11,"RH":47.95,"PSFC":89602.77,"AQI":52.69,"center":[107.028621,33.077668]},"\u6e2d\u5357\u5e02":{"PM2.5":54.46,"PM10":74.18,"SO2":33.74,"NO2":26.03,"CO":1.5,"O3":39.63,"U":2.69,"V":-0.8,"TEMP":273.65,"RH":53.07,"PSFC":94725.41,"AQI":74.18,"center":[109.741193,38.290162]},"\u897f\u5b89\u5e02":{"PM2.5":37.15,"PM10":60.11,"SO2":31.49,"NO2":24.25,"CO":1.39,"O3":48.25,"U":3.08,"V":-0.84,"TEMP":271.5,"RH":52.22,"PSFC":91210.96,"AQI":60.11,"center":[109.029273,32.6903]},"\u94dc\u5ddd\u5e02":{"PM2.5":28.73,"PM10":32.39,"SO2":16.95,"NO2":13.44,"CO":0.95,"O3":45.43,"U":1.32,"V":-4.24,"TEMP":270.63,"RH":56.25,"PSFC":89842.58,"AQI":45.43,"center":[109.939776,33.868319]}}