{"\u54b8\u9633\u5e02":{"PM2.5":19.85,"PM10":38.08,"SO2":12.74,"NO2":15.4,"CO":1.19,"O3":56.31,"U":3.37,"V":-3.07,"TEMP":273.06,"RH":35.19,"PSFC":92369.58,"AQI":56.31,"center":[108.948024,34.263161]},"\u5546\u6d1b\u5e02":{"PM2.5":13.55,"PM10":25.52,"SO2":12.64,"NO2":11.13,"CO":0.58,"O3":58.3,"U":3.2,"V":-6.39,"TEMP":272.77,"RH":34.27,"PSFC":90057.96,"AQI":58.3,"center":[108.979608,34.916582]},"\u5b89\u5eb7\u5e02":{"PM2.5":17.56,"PM10":24.75,"SO2":8.73,"NO2":5.58,"CO":0.38,"O3":61.34,"U":-0.5,"V":-2.87,"TEMP":274.87,"RH":30.65,"PSFC":90623.04,"AQI":61.34,"center":[107.14487,34.369315]},"\u5b9d\u9e21\u5e02":{"PM2.5":10.17,"PM10":16.95,"SO2":9.59,"NO2":7.96,"CO":0.44,"O3":62.38,"U":0.78,"V":-2.64,"TEMP":270.48,"RH":30.8,"PSFC":87036.62,"AQI":62.38,"center":[108.705117,34.333439]},"\u5ef6\u5b89\u5e02":{"PM2.5":8.67,"PM10":10.41,"SO2":7.51,"NO2":5.35,"CO":0.25,"O3":54.7,"U":4.26,"V":-3.67,"TEMP":268.06,"RH":44.2,"PSFC":88133.02,"AQI":54.7,"center":[109.502882,34.499381]},"\u6986\u6797\u5e02":{"PM2.5":11.11,"PM10":13.61,"SO2":13.19,"NO2":8.71,"CO":0.28,"O3":47.81,"U":4.57,"V":-2.42,"TEMP":265.46,"RH":54.05,"PSFC":88417.48,"AQI":47.81,"center":[109.49081,36.596537]},"\u6c49\u4e2d\u5e02":{"PM2.5":14.46,"PM10":17.85,"SO2":6.78,"NO2":4.24,"CO":0.28,"O3":65.02,"U":-0.61,"V":-3.85,"TEMP":275.29,"RH":23.11,"PSFC":89664.77,"AQI":65.02,"center":[107.028621,33.077668]},"\u6e2d\u5357\u5e02":{"PM2.5":27.83,"PM10":43.59,"SO2":22.41,"NO2":20.93,"CO":1.26,"O3":49.3,"U":3.43,"V":-2.35,"TEMP":274.11,"RH":34.28,"PSFC":94762.08,"AQI":49.3,"center":[109.741193,38.290162]},"\u897f\u5b89\u5e02":{"PM2.5":22.94,"PM10":53.95,"SO2":21.52,"NO2":21.65,"CO":1.23,"O3":57.72,"U":4.27,"V":-2.73,"TEMP":272.84,"RH":33.43,"PSFC":91268.14,"AQI":57.72,"center":[109.029273,32.6903]},"\u94dc\u5ddd\u5e02":{"PM2.5":12.92,"PM10":18.09,"SO2":8.78,"NO2":9.8,"CO":0.71,"O3":55.97,"U":3.47,"V":-4.25,"TEMP":271.18,"RH":35.56,"PSFC":89875.74,"AQI":55.97,"center":[109.939776,33.868319]}}