{"\u54b8\u9633\u5e02":{"PM2.5":63.2,"PM10":88.76,"SO2":19.52,"NO2":26.77,"CO":1.91,"O3":40.35,"U":2.1,"V":-3.42,"TEMP":276.76,"RH":24.43,"PSFC":92130.62,"AQI":88.76,"center":[108.948024,34.263161]},"\u5546\u6d1b\u5e02":{"PM2.5":34.31,"PM10":52.82,"SO2":18.34,"NO2":20.36,"CO":0.95,"O3":47.41,"U":2.23,"V":-4.37,"TEMP":276.85,"RH":22.7,"PSFC":89915.54,"AQI":52.82,"center":[108.979608,34.916582]},"\u5b89\u5eb7\u5e02":{"PM2.5":28.13,"PM10":38.59,"SO2":11.5,"NO2":8.04,"CO":0.53,"O3":59.13,"U":-0.08,"V":-2.08,"TEMP":278.62,"RH":22.62,"PSFC":90440.89,"AQI":59.13,"center":[107.14487,34.369315]},"\u5b9d\u9e21\u5e02":{"PM2.5":28.83,"PM10":39.55,"SO2":15.42,"NO2":14.6,"CO":0.67,"O3":50.76,"U":0.22,"V":-2.22,"TEMP":274.93,"RH":23.05,"PSFC":86881.09,"AQI":50.76,"center":[108.705117,34.333439]},"\u5ef6\u5b89\u5e02":{"PM2.5":14.02,"PM10":16.29,"SO2":12.24,"NO2":7.8,"CO":0.28,"O3":39.45,"U":2.04,"V":-4.05,"TEMP":271.47,"RH":34.71,"PSFC":88038.03,"AQI":39.45,"center":[109.502882,34.499381]},"\u6986\u6797\u5e02":{"PM2.5":16.32,"PM10":20.85,"SO2":19.59,"NO2":12.94,"CO":0.28,"O3":35.96,"U":2.4,"V":-3.02,"TEMP":268.59,"RH":47.81,"PSFC":88376.02,"AQI":35.96,"center":[109.49081,36.596537]},"\u6c49\u4e2d\u5e02":{"PM2.5":23.15,"PM10":29.48,"SO2":10.81,"NO2":6.67,"CO":0.41,"O3":58.59,"U":-0.55,"V":-2.02,"TEMP":278.78,"RH":21.44,"PSFC":89503.47,"AQI":58.59,"center":[107.028621,33.077668]},"\u6e2d\u5357\u5e02":{"PM2.5":63.41,"PM10":88.63,"SO2":42.33,"NO2":39.62,"CO":2.04,"O3":33.24,"U":2.0,"V":-1.53,"TEMP":277.25,"RH":26.6,"PSFC":94529.14,"AQI":88.63,"center":[109.741193,38.290162]},"\u897f\u5b89\u5e02":{"PM2.5":57.09,"PM10":99.35,"SO2":34.57,"NO2":36.47,"CO":1.89,"O3":43.41,"U":3.46,"V":-1.1,"TEMP":276.53,"RH":23.28,"PSFC":91065.34,"AQI":99.35,"center":[109.029273,32.6903]},"\u94dc\u5ddd\u5e02":{"PM2.5":33.65,"PM10":40.39,"SO2":15.36,"NO2":18.43,"CO":1.13,"O3":42.14,"U":2.1,"V":-4.19,"TEMP":274.79,"RH":27.02,"PSFC":89711.58,"AQI":42.14,"center":[109.939776,33.868319]}}