{"\u54b8\u9633\u5e02":{"PM2.5":173.86,"PM10":204.39,"SO2":68.47,"NO2":52.32,"CO":3.27,"O3":42.64,"U":-1.59,"V":-0.93,"TEMP":278.93,"RH":43.31,"PSFC":91755.57,"AQI":204.39,"center":[108.948024,34.263161]},"\u5546\u6d1b\u5e02":{"PM2.5":129.09,"PM10":137.28,"SO2":33.12,"NO2":13.58,"CO":1.56,"O3":59.78,"U":-0.12,"V":0.85,"TEMP":279.03,"RH":47.58,"PSFC":89701.25,"AQI":137.28,"center":[108.979608,34.916582]},"\u5b89\u5eb7\u5e02":{"PM2.5":96.76,"PM10":104.3,"SO2":30.73,"NO2":6.31,"CO":0.92,"O3":63.9,"U":-0.52,"V":0.74,"TEMP":279.73,"RH":55.18,"PSFC":90190.22,"AQI":104.3,"center":[107.14487,34.369315]},"\u5b9d\u9e21\u5e02":{"PM2.5":122.55,"PM10":135.97,"SO2":45.82,"NO2":21.86,"CO":1.6,"O3":56.89,"U":-0.27,"V":2.18,"TEMP":277.38,"RH":56.47,"PSFC":86521.97,"AQI":135.97,"center":[108.705117,34.333439]},"\u5ef6\u5b89\u5e02":{"PM2.5":43.16,"PM10":49.08,"SO2":24.55,"NO2":11.27,"CO":0.63,"O3":46.55,"U":0.8,"V":0.54,"TEMP":275.27,"RH":30.9,"PSFC":87761.18,"AQI":49.08,"center":[109.502882,34.499381]},"\u6986\u6797\u5e02":{"PM2.5":37.09,"PM10":43.46,"SO2":36.2,"NO2":16.85,"CO":0.45,"O3":34.92,"U":1.7,"V":1.21,"TEMP":272.63,"RH":38.25,"PSFC":88067.53,"AQI":43.46,"center":[109.49081,36.596537]},"\u6c49\u4e2d\u5e02":{"PM2.5":93.03,"PM10":101.97,"SO2":33.6,"NO2":5.69,"CO":0.83,"O3":63.82,"U":-0.75,"V":0.78,"TEMP":279.18,"RH":61.02,"PSFC":89230.32,"AQI":101.97,"center":[107.028621,33.077668]},"\u6e2d\u5357\u5e02":{"PM2.5":153.21,"PM10":185.58,"SO2":77.58,"NO2":44.83,"CO":3.25,"O3":37.02,"U":-1.26,"V":-1.09,"TEMP":280.04,"RH":33.83,"PSFC":94183.88,"AQI":185.58,"center":[109.741193,38.290162]},"\u897f\u5b89\u5e02":{"PM2.5":184.71,"PM10":209.18,"SO2":67.83,"NO2":47.77,"CO":2.82,"O3":48.51,"U":-0.64,"V":0.97,"TEMP":279.54,"RH":43.71,"PSFC":90698.95,"AQI":209.18,"center":[109.029273,32.6903]},"\u94dc\u5ddd\u5e02":{"PM2.5":119.94,"PM10":146.91,"SO2":54.14,"NO2":37.74,"CO":2.67,"O3":46.75,"U":-0.22,"V":-0.34,"TEMP":277.8,"RH":38.1,"PSFC":89420.3,"AQI":146.91,"center":[109.939776,33.868319]}}