{"\u54b8\u9633\u5e02":{"PM2.5":138.69,"PM10":163.69,"SO2":40.67,"NO2":43.15,"CO":2.54,"O3":40.82,"U":-0.4,"V":-2.66,"TEMP":279.81,"RH":53.79,"PSFC":91521.15,"AQI":163.69,"center":[108.948024,34.263161]},"\u5546\u6d1b\u5e02":{"PM2.5":202.55,"PM10":241.06,"SO2":39.25,"NO2":32.45,"CO":2.71,"O3":40.16,"U":0.27,"V":0.08,"TEMP":277.6,"RH":81.12,"PSFC":89465.78,"AQI":241.06,"center":[108.979608,34.916582]},"\u5b89\u5eb7\u5e02":{"PM2.5":159.48,"PM10":183.58,"SO2":40.34,"NO2":15.27,"CO":1.62,"O3":46.23,"U":-1.27,"V":0.07,"TEMP":278.88,"RH":82.85,"PSFC":89970.82,"AQI":183.58,"center":[107.14487,34.369315]},"\u5b9d\u9e21\u5e02":{"PM2.5":70.04,"PM10":80.86,"SO2":22.01,"NO2":16.04,"CO":0.97,"O3":51.86,"U":-0.08,"V":-0.78,"TEMP":277.62,"RH":52.75,"PSFC":86362.38,"AQI":80.86,"center":[108.705117,34.333439]},"\u5ef6\u5b89\u5e02":{"PM2.5":85.39,"PM10":98.06,"SO2":31.73,"NO2":15.44,"CO":1.04,"O3":41.59,"U":1.6,"V":0.11,"TEMP":276.06,"RH":61.64,"PSFC":87523.25,"AQI":98.06,"center":[109.502882,34.499381]},"\u6986\u6797\u5e02":{"PM2.5":63.71,"PM10":72.5,"SO2":33.81,"NO2":11.89,"CO":0.53,"O3":40.08,"U":3.55,"V":1.48,"TEMP":274.94,"RH":59.83,"PSFC":87818.67,"AQI":72.5,"center":[109.49081,36.596537]},"\u6c49\u4e2d\u5e02":{"PM2.5":99.45,"PM10":110.93,"SO2":29.12,"NO2":7.76,"CO":0.95,"O3":52.68,"U":-1.79,"V":-0.61,"TEMP":279.73,"RH":71.39,"PSFC":89011.69,"AQI":110.93,"center":[107.028621,33.077668]},"\u6e2d\u5357\u5e02":{"PM2.5":234.77,"PM10":281.78,"SO2":57.33,"NO2":49.49,"CO":4.27,"O3":36.34,"U":-0.64,"V":-0.61,"TEMP":280.09,"RH":67.27,"PSFC":93907.3,"AQI":281.78,"center":[109.741193,38.290162]},"\u897f\u5b89\u5e02":{"PM2.5":189.01,"PM10":239.59,"SO2":46.97,"NO2":47.85,"CO":2.85,"O3":39.21,"U":1.93,"V":1.01,"TEMP":279.54,"RH":60.9,"PSFC":90471.64,"AQI":239.59,"center":[109.029273,32.6903]},"\u94dc\u5ddd\u5e02":{"PM2.5":129.72,"PM10":158.86,"SO2":33.78,"NO2":34.69,"CO":2.82,"O3":45.34,"U":-0.82,"V":-1.94,"TEMP":278.08,"RH":61.78,"PSFC":89172.65,"AQI":158.86,"center":[109.939776,33.868319]}}